ISO-10303-21;
HEADER;
/* Generated by software containing ST-Developer
 * from STEP Tools, Inc. (www.steptools.com) 
 */

FILE_DESCRIPTION(
/* description */ (''),
/* implementation_level */ '2;1');

FILE_NAME(
/* name */ 'Main Body.step',
/* time_stamp */ '2026-09-12T14:07:36-05:00',
/* author */ (''),
/* organization */ (''),
/* preprocessor_version */ 'ST-DEVELOPER v20.1',
/* originating_system */ 'Autodesk Translation Framework v15.8.0.0',
/* authorisation */ '');

FILE_SCHEMA (('AUTOMOTIVE_DESIGN { 1 0 10303 214 3 1 1 }'));
ENDSEC;

DATA;
#10=MECHANICAL_DESIGN_GEOMETRIC_PRESENTATION_REPRESENTATION('',(#13),#3535);
#11=SHAPE_REPRESENTATION_RELATIONSHIP('SRR','None',#3542,#12);
#12=ADVANCED_BREP_SHAPE_REPRESENTATION('',(#14),#3534);
#13=STYLED_ITEM('',(#3551),#14);
#14=MANIFOLD_SOLID_BREP('Body264',#2149);
#15=TOROIDAL_SURFACE('',#2296,18.8562,1.);
#16=TOROIDAL_SURFACE('',#2304,18.8562,1.);
#17=TOROIDAL_SURFACE('',#2312,18.8562,1.);
#18=CONICAL_SURFACE('',#2274,0.40575,1.02974425867665);
#19=CONICAL_SURFACE('',#2277,0.40575,1.02974425867665);
#20=CONICAL_SURFACE('',#2280,0.40575,1.02974425867665);
#21=CONICAL_SURFACE('',#2283,0.40575,1.02974425867665);
#22=SPHERICAL_SURFACE('',#2184,0.5);
#23=SPHERICAL_SURFACE('',#2202,0.5);
#24=SPHERICAL_SURFACE('',#2209,0.5);
#25=SPHERICAL_SURFACE('',#2216,0.5);
#26=FACE_BOUND('',#243,.T.);
#27=FACE_BOUND('',#245,.T.);
#28=FACE_BOUND('',#258,.T.);
#29=FACE_BOUND('',#259,.T.);
#30=FACE_BOUND('',#261,.T.);
#31=FACE_BOUND('',#262,.T.);
#32=FACE_BOUND('',#263,.T.);
#33=FACE_BOUND('',#264,.T.);
#34=FACE_BOUND('',#273,.T.);
#35=FACE_BOUND('',#274,.T.);
#36=FACE_BOUND('',#295,.T.);
#37=FACE_BOUND('',#305,.T.);
#38=FACE_BOUND('',#344,.T.);
#39=FACE_BOUND('',#345,.T.);
#40=FACE_BOUND('',#346,.T.);
#41=FACE_BOUND('',#366,.T.);
#42=FACE_BOUND('',#367,.T.);
#43=FACE_BOUND('',#368,.T.);
#44=PLANE('',#2166);
#45=PLANE('',#2170);
#46=PLANE('',#2171);
#47=PLANE('',#2172);
#48=PLANE('',#2173);
#49=PLANE('',#2174);
#50=PLANE('',#2175);
#51=PLANE('',#2176);
#52=PLANE('',#2177);
#53=PLANE('',#2178);
#54=PLANE('',#2179);
#55=PLANE('',#2180);
#56=PLANE('',#2189);
#57=PLANE('',#2192);
#58=PLANE('',#2206);
#59=PLANE('',#2212);
#60=PLANE('',#2213);
#61=PLANE('',#2221);
#62=PLANE('',#2222);
#63=PLANE('',#2223);
#64=PLANE('',#2228);
#65=PLANE('',#2229);
#66=PLANE('',#2232);
#67=PLANE('',#2233);
#68=PLANE('',#2234);
#69=PLANE('',#2235);
#70=PLANE('',#2238);
#71=PLANE('',#2239);
#72=PLANE('',#2240);
#73=PLANE('',#2241);
#74=PLANE('',#2242);
#75=PLANE('',#2243);
#76=PLANE('',#2244);
#77=PLANE('',#2245);
#78=PLANE('',#2246);
#79=PLANE('',#2247);
#80=PLANE('',#2248);
#81=PLANE('',#2249);
#82=PLANE('',#2250);
#83=PLANE('',#2251);
#84=PLANE('',#2252);
#85=PLANE('',#2253);
#86=PLANE('',#2254);
#87=PLANE('',#2255);
#88=PLANE('',#2256);
#89=PLANE('',#2257);
#90=PLANE('',#2258);
#91=PLANE('',#2259);
#92=PLANE('',#2260);
#93=PLANE('',#2261);
#94=PLANE('',#2262);
#95=PLANE('',#2263);
#96=PLANE('',#2264);
#97=PLANE('',#2265);
#98=PLANE('',#2266);
#99=PLANE('',#2267);
#100=PLANE('',#2268);
#101=PLANE('',#2269);
#102=PLANE('',#2270);
#103=PLANE('',#2271);
#104=PLANE('',#2272);
#105=PLANE('',#2273);
#106=PLANE('',#2286);
#107=PLANE('',#2287);
#108=PLANE('',#2288);
#109=PLANE('',#2289);
#110=PLANE('',#2290);
#111=PLANE('',#2292);
#112=PLANE('',#2320);
#113=PLANE('',#2321);
#114=PLANE('',#2322);
#115=PLANE('',#2323);
#116=PLANE('',#2324);
#117=PLANE('',#2325);
#118=PLANE('',#2326);
#119=PLANE('',#2327);
#120=PLANE('',#2328);
#121=PLANE('',#2329);
#122=PLANE('',#2330);
#123=PLANE('',#2331);
#124=PLANE('',#2332);
#125=FACE_OUTER_BOUND('',#238,.T.);
#126=FACE_OUTER_BOUND('',#239,.T.);
#127=FACE_OUTER_BOUND('',#240,.T.);
#128=FACE_OUTER_BOUND('',#241,.T.);
#129=FACE_OUTER_BOUND('',#242,.T.);
#130=FACE_OUTER_BOUND('',#244,.T.);
#131=FACE_OUTER_BOUND('',#246,.T.);
#132=FACE_OUTER_BOUND('',#247,.T.);
#133=FACE_OUTER_BOUND('',#248,.T.);
#134=FACE_OUTER_BOUND('',#249,.T.);
#135=FACE_OUTER_BOUND('',#250,.T.);
#136=FACE_OUTER_BOUND('',#251,.T.);
#137=FACE_OUTER_BOUND('',#252,.T.);
#138=FACE_OUTER_BOUND('',#253,.T.);
#139=FACE_OUTER_BOUND('',#254,.T.);
#140=FACE_OUTER_BOUND('',#255,.T.);
#141=FACE_OUTER_BOUND('',#256,.T.);
#142=FACE_OUTER_BOUND('',#257,.T.);
#143=FACE_OUTER_BOUND('',#260,.T.);
#144=FACE_OUTER_BOUND('',#265,.T.);
#145=FACE_OUTER_BOUND('',#266,.T.);
#146=FACE_OUTER_BOUND('',#267,.T.);
#147=FACE_OUTER_BOUND('',#268,.T.);
#148=FACE_OUTER_BOUND('',#269,.T.);
#149=FACE_OUTER_BOUND('',#270,.T.);
#150=FACE_OUTER_BOUND('',#271,.T.);
#151=FACE_OUTER_BOUND('',#272,.T.);
#152=FACE_OUTER_BOUND('',#275,.T.);
#153=FACE_OUTER_BOUND('',#276,.T.);
#154=FACE_OUTER_BOUND('',#277,.T.);
#155=FACE_OUTER_BOUND('',#278,.T.);
#156=FACE_OUTER_BOUND('',#279,.T.);
#157=FACE_OUTER_BOUND('',#280,.T.);
#158=FACE_OUTER_BOUND('',#281,.T.);
#159=FACE_OUTER_BOUND('',#282,.T.);
#160=FACE_OUTER_BOUND('',#283,.T.);
#161=FACE_OUTER_BOUND('',#284,.T.);
#162=FACE_OUTER_BOUND('',#285,.T.);
#163=FACE_OUTER_BOUND('',#286,.T.);
#164=FACE_OUTER_BOUND('',#287,.T.);
#165=FACE_OUTER_BOUND('',#288,.T.);
#166=FACE_OUTER_BOUND('',#289,.T.);
#167=FACE_OUTER_BOUND('',#290,.T.);
#168=FACE_OUTER_BOUND('',#291,.T.);
#169=FACE_OUTER_BOUND('',#292,.T.);
#170=FACE_OUTER_BOUND('',#293,.T.);
#171=FACE_OUTER_BOUND('',#294,.T.);
#172=FACE_OUTER_BOUND('',#296,.T.);
#173=FACE_OUTER_BOUND('',#297,.T.);
#174=FACE_OUTER_BOUND('',#298,.T.);
#175=FACE_OUTER_BOUND('',#299,.T.);
#176=FACE_OUTER_BOUND('',#300,.T.);
#177=FACE_OUTER_BOUND('',#301,.T.);
#178=FACE_OUTER_BOUND('',#302,.T.);
#179=FACE_OUTER_BOUND('',#303,.T.);
#180=FACE_OUTER_BOUND('',#304,.T.);
#181=FACE_OUTER_BOUND('',#306,.T.);
#182=FACE_OUTER_BOUND('',#307,.T.);
#183=FACE_OUTER_BOUND('',#308,.T.);
#184=FACE_OUTER_BOUND('',#309,.T.);
#185=FACE_OUTER_BOUND('',#310,.T.);
#186=FACE_OUTER_BOUND('',#311,.T.);
#187=FACE_OUTER_BOUND('',#312,.T.);
#188=FACE_OUTER_BOUND('',#313,.T.);
#189=FACE_OUTER_BOUND('',#314,.T.);
#190=FACE_OUTER_BOUND('',#315,.T.);
#191=FACE_OUTER_BOUND('',#316,.T.);
#192=FACE_OUTER_BOUND('',#317,.T.);
#193=FACE_OUTER_BOUND('',#318,.T.);
#194=FACE_OUTER_BOUND('',#319,.T.);
#195=FACE_OUTER_BOUND('',#320,.T.);
#196=FACE_OUTER_BOUND('',#321,.T.);
#197=FACE_OUTER_BOUND('',#322,.T.);
#198=FACE_OUTER_BOUND('',#323,.T.);
#199=FACE_OUTER_BOUND('',#324,.T.);
#200=FACE_OUTER_BOUND('',#325,.T.);
#201=FACE_OUTER_BOUND('',#326,.T.);
#202=FACE_OUTER_BOUND('',#327,.T.);
#203=FACE_OUTER_BOUND('',#328,.T.);
#204=FACE_OUTER_BOUND('',#329,.T.);
#205=FACE_OUTER_BOUND('',#330,.T.);
#206=FACE_OUTER_BOUND('',#331,.T.);
#207=FACE_OUTER_BOUND('',#332,.T.);
#208=FACE_OUTER_BOUND('',#333,.T.);
#209=FACE_OUTER_BOUND('',#334,.T.);
#210=FACE_OUTER_BOUND('',#335,.T.);
#211=FACE_OUTER_BOUND('',#336,.T.);
#212=FACE_OUTER_BOUND('',#337,.T.);
#213=FACE_OUTER_BOUND('',#338,.T.);
#214=FACE_OUTER_BOUND('',#339,.T.);
#215=FACE_OUTER_BOUND('',#340,.T.);
#216=FACE_OUTER_BOUND('',#341,.T.);
#217=FACE_OUTER_BOUND('',#342,.T.);
#218=FACE_OUTER_BOUND('',#343,.T.);
#219=FACE_OUTER_BOUND('',#347,.T.);
#220=FACE_OUTER_BOUND('',#348,.T.);
#221=FACE_OUTER_BOUND('',#349,.T.);
#222=FACE_OUTER_BOUND('',#350,.T.);
#223=FACE_OUTER_BOUND('',#351,.T.);
#224=FACE_OUTER_BOUND('',#352,.T.);
#225=FACE_OUTER_BOUND('',#353,.T.);
#226=FACE_OUTER_BOUND('',#354,.T.);
#227=FACE_OUTER_BOUND('',#355,.T.);
#228=FACE_OUTER_BOUND('',#356,.T.);
#229=FACE_OUTER_BOUND('',#357,.T.);
#230=FACE_OUTER_BOUND('',#358,.T.);
#231=FACE_OUTER_BOUND('',#359,.T.);
#232=FACE_OUTER_BOUND('',#360,.T.);
#233=FACE_OUTER_BOUND('',#361,.T.);
#234=FACE_OUTER_BOUND('',#362,.T.);
#235=FACE_OUTER_BOUND('',#363,.T.);
#236=FACE_OUTER_BOUND('',#364,.T.);
#237=FACE_OUTER_BOUND('',#365,.T.);
#238=EDGE_LOOP('',(#1413,#1414,#1415,#1416));
#239=EDGE_LOOP('',(#1417));
#240=EDGE_LOOP('',(#1418,#1419,#1420,#1421));
#241=EDGE_LOOP('',(#1422));
#242=EDGE_LOOP('',(#1423,#1424,#1425,#1426));
#243=EDGE_LOOP('',(#1427));
#244=EDGE_LOOP('',(#1428,#1429,#1430,#1431));
#245=EDGE_LOOP('',(#1432));
#246=EDGE_LOOP('',(#1433,#1434,#1435,#1436));
#247=EDGE_LOOP('',(#1437,#1438,#1439,#1440));
#248=EDGE_LOOP('',(#1441,#1442,#1443,#1444));
#249=EDGE_LOOP('',(#1445,#1446,#1447,#1448));
#250=EDGE_LOOP('',(#1449,#1450,#1451,#1452));
#251=EDGE_LOOP('',(#1453,#1454,#1455,#1456));
#252=EDGE_LOOP('',(#1457,#1458,#1459,#1460));
#253=EDGE_LOOP('',(#1461,#1462,#1463,#1464));
#254=EDGE_LOOP('',(#1465,#1466,#1467,#1468));
#255=EDGE_LOOP('',(#1469,#1470,#1471));
#256=EDGE_LOOP('',(#1472,#1473,#1474,#1475));
#257=EDGE_LOOP('',(#1476,#1477,#1478,#1479));
#258=EDGE_LOOP('',(#1480,#1481,#1482,#1483));
#259=EDGE_LOOP('',(#1484,#1485,#1486,#1487,#1488,#1489,#1490,#1491));
#260=EDGE_LOOP('',(#1492,#1493,#1494,#1495,#1496,#1497,#1498,#1499,#1500,
#1501,#1502,#1503));
#261=EDGE_LOOP('',(#1504));
#262=EDGE_LOOP('',(#1505));
#263=EDGE_LOOP('',(#1506));
#264=EDGE_LOOP('',(#1507));
#265=EDGE_LOOP('',(#1508,#1509,#1510,#1511));
#266=EDGE_LOOP('',(#1512,#1513,#1514));
#267=EDGE_LOOP('',(#1515,#1516,#1517,#1518));
#268=EDGE_LOOP('',(#1519,#1520,#1521,#1522,#1523,#1524,#1525,#1526,#1527,
#1528,#1529,#1530,#1531,#1532,#1533,#1534));
#269=EDGE_LOOP('',(#1535,#1536,#1537,#1538));
#270=EDGE_LOOP('',(#1539,#1540,#1541));
#271=EDGE_LOOP('',(#1542,#1543,#1544,#1545));
#272=EDGE_LOOP('',(#1546,#1547,#1548,#1549));
#273=EDGE_LOOP('',(#1550,#1551,#1552,#1553,#1554,#1555,#1556,#1557));
#274=EDGE_LOOP('',(#1558,#1559,#1560,#1561,#1562));
#275=EDGE_LOOP('',(#1563,#1564,#1565));
#276=EDGE_LOOP('',(#1566,#1567,#1568,#1569));
#277=EDGE_LOOP('',(#1570,#1571,#1572,#1573));
#278=EDGE_LOOP('',(#1574,#1575,#1576,#1577,#1578,#1579,#1580,#1581));
#279=EDGE_LOOP('',(#1582,#1583,#1584,#1585));
#280=EDGE_LOOP('',(#1586,#1587,#1588,#1589,#1590,#1591,#1592,#1593));
#281=EDGE_LOOP('',(#1594,#1595,#1596,#1597));
#282=EDGE_LOOP('',(#1598,#1599,#1600,#1601));
#283=EDGE_LOOP('',(#1602,#1603,#1604,#1605,#1606,#1607,#1608,#1609));
#284=EDGE_LOOP('',(#1610,#1611,#1612,#1613,#1614,#1615,#1616,#1617));
#285=EDGE_LOOP('',(#1618,#1619,#1620,#1621));
#286=EDGE_LOOP('',(#1622,#1623,#1624,#1625,#1626,#1627,#1628,#1629));
#287=EDGE_LOOP('',(#1630,#1631,#1632,#1633,#1634,#1635,#1636,#1637));
#288=EDGE_LOOP('',(#1638,#1639,#1640,#1641));
#289=EDGE_LOOP('',(#1642,#1643,#1644,#1645));
#290=EDGE_LOOP('',(#1646,#1647,#1648,#1649));
#291=EDGE_LOOP('',(#1650,#1651,#1652,#1653,#1654,#1655,#1656,#1657));
#292=EDGE_LOOP('',(#1658,#1659,#1660,#1661));
#293=EDGE_LOOP('',(#1662,#1663,#1664,#1665,#1666,#1667,#1668,#1669));
#294=EDGE_LOOP('',(#1670,#1671,#1672,#1673,#1674,#1675,#1676,#1677));
#295=EDGE_LOOP('',(#1678,#1679,#1680,#1681));
#296=EDGE_LOOP('',(#1682,#1683,#1684,#1685,#1686,#1687,#1688,#1689,#1690,
#1691,#1692,#1693));
#297=EDGE_LOOP('',(#1694,#1695,#1696,#1697));
#298=EDGE_LOOP('',(#1698,#1699,#1700,#1701));
#299=EDGE_LOOP('',(#1702,#1703,#1704,#1705));
#300=EDGE_LOOP('',(#1706,#1707,#1708,#1709));
#301=EDGE_LOOP('',(#1710,#1711,#1712,#1713));
#302=EDGE_LOOP('',(#1714,#1715,#1716,#1717));
#303=EDGE_LOOP('',(#1718,#1719,#1720,#1721));
#304=EDGE_LOOP('',(#1722,#1723,#1724,#1725,#1726,#1727,#1728,#1729));
#305=EDGE_LOOP('',(#1730,#1731,#1732,#1733));
#306=EDGE_LOOP('',(#1734,#1735,#1736,#1737));
#307=EDGE_LOOP('',(#1738,#1739,#1740,#1741));
#308=EDGE_LOOP('',(#1742,#1743,#1744,#1745));
#309=EDGE_LOOP('',(#1746,#1747,#1748,#1749));
#310=EDGE_LOOP('',(#1750,#1751,#1752,#1753));
#311=EDGE_LOOP('',(#1754,#1755,#1756,#1757));
#312=EDGE_LOOP('',(#1758,#1759,#1760,#1761));
#313=EDGE_LOOP('',(#1762,#1763,#1764,#1765));
#314=EDGE_LOOP('',(#1766,#1767,#1768,#1769));
#315=EDGE_LOOP('',(#1770,#1771,#1772,#1773));
#316=EDGE_LOOP('',(#1774,#1775,#1776,#1777,#1778));
#317=EDGE_LOOP('',(#1779,#1780,#1781,#1782));
#318=EDGE_LOOP('',(#1783,#1784,#1785,#1786,#1787));
#319=EDGE_LOOP('',(#1788,#1789,#1790,#1791));
#320=EDGE_LOOP('',(#1792,#1793,#1794,#1795));
#321=EDGE_LOOP('',(#1796,#1797,#1798,#1799,#1800));
#322=EDGE_LOOP('',(#1801,#1802,#1803,#1804));
#323=EDGE_LOOP('',(#1805,#1806,#1807,#1808,#1809));
#324=EDGE_LOOP('',(#1810,#1811,#1812,#1813));
#325=EDGE_LOOP('',(#1814,#1815,#1816,#1817));
#326=EDGE_LOOP('',(#1818,#1819,#1820,#1821,#1822));
#327=EDGE_LOOP('',(#1823,#1824,#1825,#1826));
#328=EDGE_LOOP('',(#1827,#1828,#1829,#1830));
#329=EDGE_LOOP('',(#1831,#1832,#1833));
#330=EDGE_LOOP('',(#1834,#1835,#1836,#1837));
#331=EDGE_LOOP('',(#1838,#1839,#1840));
#332=EDGE_LOOP('',(#1841,#1842,#1843,#1844));
#333=EDGE_LOOP('',(#1845,#1846,#1847));
#334=EDGE_LOOP('',(#1848,#1849,#1850,#1851));
#335=EDGE_LOOP('',(#1852,#1853,#1854));
#336=EDGE_LOOP('',(#1855,#1856,#1857,#1858));
#337=EDGE_LOOP('',(#1859,#1860,#1861,#1862));
#338=EDGE_LOOP('',(#1863,#1864,#1865,#1866));
#339=EDGE_LOOP('',(#1867,#1868,#1869,#1870,#1871,#1872,#1873,#1874,#1875,
#1876,#1877,#1878));
#340=EDGE_LOOP('',(#1879,#1880,#1881,#1882));
#341=EDGE_LOOP('',(#1883,#1884,#1885,#1886,#1887,#1888,#1889,#1890,#1891,
#1892,#1893,#1894));
#342=EDGE_LOOP('',(#1895,#1896,#1897,#1898));
#343=EDGE_LOOP('',(#1899,#1900,#1901,#1902));
#344=EDGE_LOOP('',(#1903));
#345=EDGE_LOOP('',(#1904));
#346=EDGE_LOOP('',(#1905));
#347=EDGE_LOOP('',(#1906,#1907,#1908,#1909,#1910));
#348=EDGE_LOOP('',(#1911,#1912,#1913,#1914,#1915,#1916,#1917,#1918,#1919));
#349=EDGE_LOOP('',(#1920,#1921,#1922,#1923,#1924));
#350=EDGE_LOOP('',(#1925,#1926,#1927,#1928,#1929,#1930,#1931,#1932,#1933));
#351=EDGE_LOOP('',(#1934,#1935,#1936,#1937,#1938));
#352=EDGE_LOOP('',(#1939,#1940,#1941,#1942,#1943,#1944,#1945,#1946,#1947));
#353=EDGE_LOOP('',(#1948,#1949,#1950,#1951));
#354=EDGE_LOOP('',(#1952,#1953,#1954,#1955));
#355=EDGE_LOOP('',(#1956,#1957,#1958,#1959));
#356=EDGE_LOOP('',(#1960,#1961,#1962,#1963));
#357=EDGE_LOOP('',(#1964,#1965,#1966,#1967));
#358=EDGE_LOOP('',(#1968,#1969,#1970,#1971));
#359=EDGE_LOOP('',(#1972,#1973,#1974,#1975));
#360=EDGE_LOOP('',(#1976,#1977,#1978,#1979));
#361=EDGE_LOOP('',(#1980,#1981,#1982,#1983));
#362=EDGE_LOOP('',(#1984,#1985,#1986,#1987));
#363=EDGE_LOOP('',(#1988,#1989,#1990,#1991));
#364=EDGE_LOOP('',(#1992,#1993,#1994,#1995));
#365=EDGE_LOOP('',(#1996,#1997,#1998,#1999));
#366=EDGE_LOOP('',(#2000,#2001,#2002,#2003,#2004));
#367=EDGE_LOOP('',(#2005,#2006,#2007,#2008,#2009));
#368=EDGE_LOOP('',(#2010,#2011,#2012,#2013,#2014));
#369=LINE('',#2924,#613);
#370=LINE('',#2931,#614);
#371=LINE('',#2937,#615);
#372=LINE('',#2939,#616);
#373=LINE('',#2941,#617);
#374=LINE('',#2942,#618);
#375=LINE('',#2946,#619);
#376=LINE('',#2948,#620);
#377=LINE('',#2950,#621);
#378=LINE('',#2951,#622);
#379=LINE('',#2954,#623);
#380=LINE('',#2956,#624);
#381=LINE('',#2957,#625);
#382=LINE('',#2960,#626);
#383=LINE('',#2961,#627);
#384=LINE('',#2964,#628);
#385=LINE('',#2966,#629);
#386=LINE('',#2967,#630);
#387=LINE('',#2970,#631);
#388=LINE('',#2971,#632);
#389=LINE('',#2974,#633);
#390=LINE('',#2975,#634);
#391=LINE('',#2978,#635);
#392=LINE('',#2979,#636);
#393=LINE('',#2981,#637);
#394=LINE('',#2983,#638);
#395=LINE('',#2989,#639);
#396=LINE('',#2992,#640);
#397=LINE('',#2999,#641);
#398=LINE('',#3002,#642);
#399=LINE('',#3005,#643);
#400=LINE('',#3006,#644);
#401=LINE('',#3009,#645);
#402=LINE('',#3011,#646);
#403=LINE('',#3013,#647);
#404=LINE('',#3014,#648);
#405=LINE('',#3019,#649);
#406=LINE('',#3021,#650);
#407=LINE('',#3023,#651);
#408=LINE('',#3027,#652);
#409=LINE('',#3029,#653);
#410=LINE('',#3030,#654);
#411=LINE('',#3033,#655);
#412=LINE('',#3037,#656);
#413=LINE('',#3041,#657);
#414=LINE('',#3043,#658);
#415=LINE('',#3045,#659);
#416=LINE('',#3047,#660);
#417=LINE('',#3049,#661);
#418=LINE('',#3061,#662);
#419=LINE('',#3067,#663);
#420=LINE('',#3070,#664);
#421=LINE('',#3073,#665);
#422=LINE('',#3075,#666);
#423=LINE('',#3077,#667);
#424=LINE('',#3079,#668);
#425=LINE('',#3081,#669);
#426=LINE('',#3083,#670);
#427=LINE('',#3085,#671);
#428=LINE('',#3087,#672);
#429=LINE('',#3089,#673);
#430=LINE('',#3091,#674);
#431=LINE('',#3092,#675);
#432=LINE('',#3093,#676);
#433=LINE('',#3096,#677);
#434=LINE('',#3099,#678);
#435=LINE('',#3105,#679);
#436=LINE('',#3108,#680);
#437=LINE('',#3109,#681);
#438=LINE('',#3114,#682);
#439=LINE('',#3116,#683);
#440=LINE('',#3118,#684);
#441=LINE('',#3122,#685);
#442=LINE('',#3124,#686);
#443=LINE('',#3125,#687);
#444=LINE('',#3128,#688);
#445=LINE('',#3130,#689);
#446=LINE('',#3132,#690);
#447=LINE('',#3134,#691);
#448=LINE('',#3135,#692);
#449=LINE('',#3141,#693);
#450=LINE('',#3145,#694);
#451=LINE('',#3146,#695);
#452=LINE('',#3148,#696);
#453=LINE('',#3150,#697);
#454=LINE('',#3152,#698);
#455=LINE('',#3154,#699);
#456=LINE('',#3155,#700);
#457=LINE('',#3158,#701);
#458=LINE('',#3159,#702);
#459=LINE('',#3162,#703);
#460=LINE('',#3164,#704);
#461=LINE('',#3166,#705);
#462=LINE('',#3168,#706);
#463=LINE('',#3170,#707);
#464=LINE('',#3171,#708);
#465=LINE('',#3175,#709);
#466=LINE('',#3178,#710);
#467=LINE('',#3181,#711);
#468=LINE('',#3184,#712);
#469=LINE('',#3186,#713);
#470=LINE('',#3188,#714);
#471=LINE('',#3190,#715);
#472=LINE('',#3192,#716);
#473=LINE('',#3193,#717);
#474=LINE('',#3196,#718);
#475=LINE('',#3198,#719);
#476=LINE('',#3200,#720);
#477=LINE('',#3202,#721);
#478=LINE('',#3204,#722);
#479=LINE('',#3205,#723);
#480=LINE('',#3209,#724);
#481=LINE('',#3212,#725);
#482=LINE('',#3214,#726);
#483=LINE('',#3216,#727);
#484=LINE('',#3218,#728);
#485=LINE('',#3220,#729);
#486=LINE('',#3221,#730);
#487=LINE('',#3224,#731);
#488=LINE('',#3226,#732);
#489=LINE('',#3228,#733);
#490=LINE('',#3230,#734);
#491=LINE('',#3232,#735);
#492=LINE('',#3234,#736);
#493=LINE('',#3235,#737);
#494=LINE('',#3237,#738);
#495=LINE('',#3239,#739);
#496=LINE('',#3243,#740);
#497=LINE('',#3246,#741);
#498=LINE('',#3248,#742);
#499=LINE('',#3250,#743);
#500=LINE('',#3252,#744);
#501=LINE('',#3254,#745);
#502=LINE('',#3255,#746);
#503=LINE('',#3258,#747);
#504=LINE('',#3259,#748);
#505=LINE('',#3262,#749);
#506=LINE('',#3264,#750);
#507=LINE('',#3266,#751);
#508=LINE('',#3268,#752);
#509=LINE('',#3269,#753);
#510=LINE('',#3272,#754);
#511=LINE('',#3273,#755);
#512=LINE('',#3274,#756);
#513=LINE('',#3277,#757);
#514=LINE('',#3279,#758);
#515=LINE('',#3280,#759);
#516=LINE('',#3281,#760);
#517=LINE('',#3282,#761);
#518=LINE('',#3284,#762);
#519=LINE('',#3287,#763);
#520=LINE('',#3288,#764);
#521=LINE('',#3290,#765);
#522=LINE('',#3293,#766);
#523=LINE('',#3294,#767);
#524=LINE('',#3297,#768);
#525=LINE('',#3299,#769);
#526=LINE('',#3301,#770);
#527=LINE('',#3303,#771);
#528=LINE('',#3304,#772);
#529=LINE('',#3306,#773);
#530=LINE('',#3308,#774);
#531=LINE('',#3311,#775);
#532=LINE('',#3312,#776);
#533=LINE('',#3314,#777);
#534=LINE('',#3316,#778);
#535=LINE('',#3319,#779);
#536=LINE('',#3320,#780);
#537=LINE('',#3322,#781);
#538=LINE('',#3324,#782);
#539=LINE('',#3327,#783);
#540=LINE('',#3328,#784);
#541=LINE('',#3330,#785);
#542=LINE('',#3334,#786);
#543=LINE('',#3336,#787);
#544=LINE('',#3338,#788);
#545=LINE('',#3340,#789);
#546=LINE('',#3341,#790);
#547=LINE('',#3345,#791);
#548=LINE('',#3347,#792);
#549=LINE('',#3349,#793);
#550=LINE('',#3350,#794);
#551=LINE('',#3352,#795);
#552=LINE('',#3354,#796);
#553=LINE('',#3355,#797);
#554=LINE('',#3357,#798);
#555=LINE('',#3359,#799);
#556=LINE('',#3362,#800);
#557=LINE('',#3363,#801);
#558=LINE('',#3364,#802);
#559=LINE('',#3367,#803);
#560=LINE('',#3368,#804);
#561=LINE('',#3371,#805);
#562=LINE('',#3372,#806);
#563=LINE('',#3374,#807);
#564=LINE('',#3377,#808);
#565=LINE('',#3378,#809);
#566=LINE('',#3385,#810);
#567=LINE('',#3387,#811);
#568=LINE('',#3392,#812);
#569=LINE('',#3394,#813);
#570=LINE('',#3399,#814);
#571=LINE('',#3401,#815);
#572=LINE('',#3406,#816);
#573=LINE('',#3408,#817);
#574=LINE('',#3410,#818);
#575=LINE('',#3411,#819);
#576=LINE('',#3415,#820);
#577=LINE('',#3416,#821);
#578=LINE('',#3419,#822);
#579=LINE('',#3421,#823);
#580=LINE('',#3438,#824);
#581=LINE('',#3441,#825);
#582=LINE('',#3445,#826);
#583=LINE('',#3456,#827);
#584=LINE('',#3459,#828);
#585=LINE('',#3463,#829);
#586=LINE('',#3474,#830);
#587=LINE('',#3477,#831);
#588=LINE('',#3481,#832);
#589=LINE('',#3485,#833);
#590=LINE('',#3487,#834);
#591=LINE('',#3488,#835);
#592=LINE('',#3491,#836);
#593=LINE('',#3493,#837);
#594=LINE('',#3494,#838);
#595=LINE('',#3497,#839);
#596=LINE('',#3499,#840);
#597=LINE('',#3500,#841);
#598=LINE('',#3503,#842);
#599=LINE('',#3504,#843);
#600=LINE('',#3507,#844);
#601=LINE('',#3508,#845);
#602=LINE('',#3510,#846);
#603=LINE('',#3513,#847);
#604=LINE('',#3514,#848);
#605=LINE('',#3517,#849);
#606=LINE('',#3518,#850);
#607=LINE('',#3520,#851);
#608=LINE('',#3523,#852);
#609=LINE('',#3524,#853);
#610=LINE('',#3527,#854);
#611=LINE('',#3528,#855);
#612=LINE('',#3530,#856);
#613=VECTOR('',#2339,0.8115);
#614=VECTOR('',#2348,0.8115);
#615=VECTOR('',#2355,10.);
#616=VECTOR('',#2356,10.);
#617=VECTOR('',#2357,10.);
#618=VECTOR('',#2358,10.);
#619=VECTOR('',#2361,10.);
#620=VECTOR('',#2362,10.);
#621=VECTOR('',#2363,10.);
#622=VECTOR('',#2364,10.);
#623=VECTOR('',#2367,10.);
#624=VECTOR('',#2368,10.);
#625=VECTOR('',#2369,10.);
#626=VECTOR('',#2372,10.);
#627=VECTOR('',#2373,10.);
#628=VECTOR('',#2376,10.);
#629=VECTOR('',#2377,10.);
#630=VECTOR('',#2378,10.);
#631=VECTOR('',#2381,10.);
#632=VECTOR('',#2382,10.);
#633=VECTOR('',#2385,10.);
#634=VECTOR('',#2386,10.);
#635=VECTOR('',#2389,10.);
#636=VECTOR('',#2390,10.);
#637=VECTOR('',#2393,10.);
#638=VECTOR('',#2396,10.);
#639=VECTOR('',#2401,10.);
#640=VECTOR('',#2404,10.);
#641=VECTOR('',#2413,10.);
#642=VECTOR('',#2416,10.);
#643=VECTOR('',#2419,10.);
#644=VECTOR('',#2420,10.);
#645=VECTOR('',#2421,10.);
#646=VECTOR('',#2422,10.);
#647=VECTOR('',#2423,10.);
#648=VECTOR('',#2424,10.);
#649=VECTOR('',#2427,10.);
#650=VECTOR('',#2428,10.);
#651=VECTOR('',#2429,10.);
#652=VECTOR('',#2432,10.);
#653=VECTOR('',#2433,10.);
#654=VECTOR('',#2434,10.);
#655=VECTOR('',#2437,10.);
#656=VECTOR('',#2440,10.);
#657=VECTOR('',#2443,10.);
#658=VECTOR('',#2444,10.);
#659=VECTOR('',#2445,10.);
#660=VECTOR('',#2446,10.);
#661=VECTOR('',#2447,10.);
#662=VECTOR('',#2460,10.);
#663=VECTOR('',#2469,10.);
#664=VECTOR('',#2472,10.);
#665=VECTOR('',#2475,10.);
#666=VECTOR('',#2476,10.);
#667=VECTOR('',#2477,10.);
#668=VECTOR('',#2478,10.);
#669=VECTOR('',#2479,10.);
#670=VECTOR('',#2480,10.);
#671=VECTOR('',#2481,10.);
#672=VECTOR('',#2482,10.);
#673=VECTOR('',#2483,10.);
#674=VECTOR('',#2484,10.);
#675=VECTOR('',#2485,10.);
#676=VECTOR('',#2486,10.);
#677=VECTOR('',#2489,10.);
#678=VECTOR('',#2492,10.);
#679=VECTOR('',#2501,10.);
#680=VECTOR('',#2504,10.);
#681=VECTOR('',#2505,10.);
#682=VECTOR('',#2508,10.);
#683=VECTOR('',#2509,10.);
#684=VECTOR('',#2510,10.);
#685=VECTOR('',#2513,10.);
#686=VECTOR('',#2514,10.);
#687=VECTOR('',#2515,10.);
#688=VECTOR('',#2516,10.);
#689=VECTOR('',#2517,10.);
#690=VECTOR('',#2518,10.);
#691=VECTOR('',#2519,10.);
#692=VECTOR('',#2520,10.);
#693=VECTOR('',#2531,10.);
#694=VECTOR('',#2534,10.);
#695=VECTOR('',#2535,10.);
#696=VECTOR('',#2536,10.);
#697=VECTOR('',#2537,10.);
#698=VECTOR('',#2538,10.);
#699=VECTOR('',#2539,10.);
#700=VECTOR('',#2540,10.);
#701=VECTOR('',#2543,10.);
#702=VECTOR('',#2544,10.);
#703=VECTOR('',#2547,10.);
#704=VECTOR('',#2548,10.);
#705=VECTOR('',#2549,10.);
#706=VECTOR('',#2550,10.);
#707=VECTOR('',#2551,10.);
#708=VECTOR('',#2552,10.);
#709=VECTOR('',#2557,10.);
#710=VECTOR('',#2560,10.);
#711=VECTOR('',#2563,10.);
#712=VECTOR('',#2566,10.);
#713=VECTOR('',#2567,10.);
#714=VECTOR('',#2568,10.);
#715=VECTOR('',#2569,10.);
#716=VECTOR('',#2570,10.);
#717=VECTOR('',#2571,10.);
#718=VECTOR('',#2574,10.);
#719=VECTOR('',#2575,10.);
#720=VECTOR('',#2576,10.);
#721=VECTOR('',#2577,10.);
#722=VECTOR('',#2578,10.);
#723=VECTOR('',#2579,10.);
#724=VECTOR('',#2584,10.);
#725=VECTOR('',#2587,10.);
#726=VECTOR('',#2588,10.);
#727=VECTOR('',#2589,10.);
#728=VECTOR('',#2590,10.);
#729=VECTOR('',#2591,10.);
#730=VECTOR('',#2592,10.);
#731=VECTOR('',#2595,10.);
#732=VECTOR('',#2596,10.);
#733=VECTOR('',#2597,10.);
#734=VECTOR('',#2598,10.);
#735=VECTOR('',#2599,10.);
#736=VECTOR('',#2600,10.);
#737=VECTOR('',#2601,10.);
#738=VECTOR('',#2604,10.);
#739=VECTOR('',#2607,10.);
#740=VECTOR('',#2612,10.);
#741=VECTOR('',#2615,10.);
#742=VECTOR('',#2616,10.);
#743=VECTOR('',#2617,10.);
#744=VECTOR('',#2618,10.);
#745=VECTOR('',#2619,10.);
#746=VECTOR('',#2620,10.);
#747=VECTOR('',#2623,10.);
#748=VECTOR('',#2624,10.);
#749=VECTOR('',#2627,10.);
#750=VECTOR('',#2628,10.);
#751=VECTOR('',#2629,10.);
#752=VECTOR('',#2630,10.);
#753=VECTOR('',#2631,10.);
#754=VECTOR('',#2634,10.);
#755=VECTOR('',#2635,10.);
#756=VECTOR('',#2636,10.);
#757=VECTOR('',#2639,10.);
#758=VECTOR('',#2640,10.);
#759=VECTOR('',#2641,10.);
#760=VECTOR('',#2642,10.);
#761=VECTOR('',#2643,10.);
#762=VECTOR('',#2646,10.);
#763=VECTOR('',#2649,10.);
#764=VECTOR('',#2650,10.);
#765=VECTOR('',#2653,10.);
#766=VECTOR('',#2656,10.);
#767=VECTOR('',#2657,10.);
#768=VECTOR('',#2662,10.);
#769=VECTOR('',#2665,10.);
#770=VECTOR('',#2668,10.);
#771=VECTOR('',#2669,10.);
#772=VECTOR('',#2670,10.);
#773=VECTOR('',#2673,10.);
#774=VECTOR('',#2676,10.);
#775=VECTOR('',#2679,10.);
#776=VECTOR('',#2680,10.);
#777=VECTOR('',#2683,10.);
#778=VECTOR('',#2686,10.);
#779=VECTOR('',#2689,10.);
#780=VECTOR('',#2690,10.);
#781=VECTOR('',#2693,10.);
#782=VECTOR('',#2696,10.);
#783=VECTOR('',#2699,10.);
#784=VECTOR('',#2700,10.);
#785=VECTOR('',#2703,10.);
#786=VECTOR('',#2706,10.);
#787=VECTOR('',#2707,10.);
#788=VECTOR('',#2708,10.);
#789=VECTOR('',#2709,10.);
#790=VECTOR('',#2710,10.);
#791=VECTOR('',#2713,10.);
#792=VECTOR('',#2714,10.);
#793=VECTOR('',#2715,10.);
#794=VECTOR('',#2716,10.);
#795=VECTOR('',#2719,10.);
#796=VECTOR('',#2720,10.);
#797=VECTOR('',#2721,10.);
#798=VECTOR('',#2724,10.);
#799=VECTOR('',#2727,10.);
#800=VECTOR('',#2730,10.);
#801=VECTOR('',#2731,10.);
#802=VECTOR('',#2732,10.);
#803=VECTOR('',#2735,10.);
#804=VECTOR('',#2736,10.);
#805=VECTOR('',#2739,10.);
#806=VECTOR('',#2740,10.);
#807=VECTOR('',#2743,10.);
#808=VECTOR('',#2748,10.);
#809=VECTOR('',#2749,10.);
#810=VECTOR('',#2758,0.40575);
#811=VECTOR('',#2761,0.8115);
#812=VECTOR('',#2766,0.40575);
#813=VECTOR('',#2769,0.8115);
#814=VECTOR('',#2774,0.40575);
#815=VECTOR('',#2777,0.8115);
#816=VECTOR('',#2782,0.40575);
#817=VECTOR('',#2785,0.8115);
#818=VECTOR('',#2788,10.);
#819=VECTOR('',#2789,10.);
#820=VECTOR('',#2794,10.);
#821=VECTOR('',#2795,10.);
#822=VECTOR('',#2800,10.);
#823=VECTOR('',#2803,10.);
#824=VECTOR('',#2822,10.);
#825=VECTOR('',#2825,17.8562);
#826=VECTOR('',#2828,10.);
#827=VECTOR('',#2841,10.);
#828=VECTOR('',#2844,17.8562);
#829=VECTOR('',#2847,10.);
#830=VECTOR('',#2860,10.);
#831=VECTOR('',#2863,17.8562);
#832=VECTOR('',#2866,10.);
#833=VECTOR('',#2871,1000.);
#834=VECTOR('',#2872,1000.);
#835=VECTOR('',#2873,1000.);
#836=VECTOR('',#2876,1000.);
#837=VECTOR('',#2877,1000.);
#838=VECTOR('',#2878,1000.);
#839=VECTOR('',#2881,1000.);
#840=VECTOR('',#2882,1000.);
#841=VECTOR('',#2883,1000.);
#842=VECTOR('',#2886,10.);
#843=VECTOR('',#2887,10.);
#844=VECTOR('',#2890,10.);
#845=VECTOR('',#2891,10.);
#846=VECTOR('',#2894,10.);
#847=VECTOR('',#2897,10.);
#848=VECTOR('',#2898,10.);
#849=VECTOR('',#2901,10.);
#850=VECTOR('',#2902,10.);
#851=VECTOR('',#2905,10.);
#852=VECTOR('',#2908,10.);
#853=VECTOR('',#2909,10.);
#854=VECTOR('',#2912,10.);
#855=VECTOR('',#2913,10.);
#856=VECTOR('',#2916,10.);
#857=CIRCLE('',#2164,0.8115);
#858=CIRCLE('',#2165,0.8115);
#859=CIRCLE('',#2168,0.8115);
#860=CIRCLE('',#2169,0.8115);
#861=CIRCLE('',#2182,0.5);
#862=CIRCLE('',#2183,0.500000000000007);
#863=CIRCLE('',#2185,0.499999999999998);
#864=CIRCLE('',#2186,0.5);
#865=CIRCLE('',#2188,0.499999999999998);
#866=CIRCLE('',#2190,11.0000001639128);
#867=CIRCLE('',#2191,10.7409484438273);
#868=CIRCLE('',#2193,0.5);
#869=CIRCLE('',#2194,0.5);
#870=CIRCLE('',#2195,0.5);
#871=CIRCLE('',#2196,0.8115);
#872=CIRCLE('',#2197,0.8115);
#873=CIRCLE('',#2198,0.8115);
#874=CIRCLE('',#2199,0.8115);
#875=CIRCLE('',#2201,0.499999999999998);
#876=CIRCLE('',#2203,0.5);
#877=CIRCLE('',#2205,0.5);
#878=CIRCLE('',#2208,0.499999999999998);
#879=CIRCLE('',#2210,0.5);
#880=CIRCLE('',#2211,0.5);
#881=CIRCLE('',#2214,11.0000001639128);
#882=CIRCLE('',#2215,10.7409484438273);
#883=CIRCLE('',#2217,0.499999999999998);
#884=CIRCLE('',#2218,0.5);
#885=CIRCLE('',#2225,10.7409484438273);
#886=CIRCLE('',#2227,10.7409484438273);
#887=CIRCLE('',#2231,11.0000001639128);
#888=CIRCLE('',#2237,11.0000001639128);
#889=CIRCLE('',#2275,0.8115);
#890=CIRCLE('',#2278,0.8115);
#891=CIRCLE('',#2281,0.8115);
#892=CIRCLE('',#2284,0.8115);
#893=CIRCLE('',#2293,18.8562);
#894=CIRCLE('',#2294,18.8562);
#895=CIRCLE('',#2295,18.8562);
#896=CIRCLE('',#2297,1.);
#897=CIRCLE('',#2298,17.8562);
#898=CIRCLE('',#2299,17.8562);
#899=CIRCLE('',#2301,17.8562);
#900=CIRCLE('',#2302,17.8562);
#901=CIRCLE('',#2303,17.8562);
#902=CIRCLE('',#2305,1.);
#903=CIRCLE('',#2306,17.8562);
#904=CIRCLE('',#2307,17.8562);
#905=CIRCLE('',#2309,17.8562);
#906=CIRCLE('',#2310,17.8562);
#907=CIRCLE('',#2311,17.8562);
#908=CIRCLE('',#2313,1.);
#909=CIRCLE('',#2314,17.8562);
#910=CIRCLE('',#2315,17.8562);
#911=CIRCLE('',#2317,17.8562);
#912=CIRCLE('',#2318,17.8562);
#913=CIRCLE('',#2319,17.8562);
#914=VERTEX_POINT('',#2921);
#915=VERTEX_POINT('',#2923);
#916=VERTEX_POINT('',#2928);
#917=VERTEX_POINT('',#2930);
#918=VERTEX_POINT('',#2935);
#919=VERTEX_POINT('',#2936);
#920=VERTEX_POINT('',#2938);
#921=VERTEX_POINT('',#2940);
#922=VERTEX_POINT('',#2944);
#923=VERTEX_POINT('',#2945);
#924=VERTEX_POINT('',#2947);
#925=VERTEX_POINT('',#2949);
#926=VERTEX_POINT('',#2953);
#927=VERTEX_POINT('',#2955);
#928=VERTEX_POINT('',#2959);
#929=VERTEX_POINT('',#2963);
#930=VERTEX_POINT('',#2965);
#931=VERTEX_POINT('',#2969);
#932=VERTEX_POINT('',#2973);
#933=VERTEX_POINT('',#2977);
#934=VERTEX_POINT('',#2985);
#935=VERTEX_POINT('',#2986);
#936=VERTEX_POINT('',#2988);
#937=VERTEX_POINT('',#2990);
#938=VERTEX_POINT('',#2994);
#939=VERTEX_POINT('',#2998);
#940=VERTEX_POINT('',#3000);
#941=VERTEX_POINT('',#3004);
#942=VERTEX_POINT('',#3007);
#943=VERTEX_POINT('',#3008);
#944=VERTEX_POINT('',#3010);
#945=VERTEX_POINT('',#3012);
#946=VERTEX_POINT('',#3015);
#947=VERTEX_POINT('',#3016);
#948=VERTEX_POINT('',#3018);
#949=VERTEX_POINT('',#3020);
#950=VERTEX_POINT('',#3022);
#951=VERTEX_POINT('',#3024);
#952=VERTEX_POINT('',#3026);
#953=VERTEX_POINT('',#3028);
#954=VERTEX_POINT('',#3032);
#955=VERTEX_POINT('',#3034);
#956=VERTEX_POINT('',#3036);
#957=VERTEX_POINT('',#3038);
#958=VERTEX_POINT('',#3040);
#959=VERTEX_POINT('',#3042);
#960=VERTEX_POINT('',#3044);
#961=VERTEX_POINT('',#3046);
#962=VERTEX_POINT('',#3048);
#963=VERTEX_POINT('',#3051);
#964=VERTEX_POINT('',#3053);
#965=VERTEX_POINT('',#3055);
#966=VERTEX_POINT('',#3057);
#967=VERTEX_POINT('',#3060);
#968=VERTEX_POINT('',#3066);
#969=VERTEX_POINT('',#3068);
#970=VERTEX_POINT('',#3072);
#971=VERTEX_POINT('',#3074);
#972=VERTEX_POINT('',#3076);
#973=VERTEX_POINT('',#3078);
#974=VERTEX_POINT('',#3080);
#975=VERTEX_POINT('',#3082);
#976=VERTEX_POINT('',#3084);
#977=VERTEX_POINT('',#3086);
#978=VERTEX_POINT('',#3088);
#979=VERTEX_POINT('',#3090);
#980=VERTEX_POINT('',#3095);
#981=VERTEX_POINT('',#3097);
#982=VERTEX_POINT('',#3101);
#983=VERTEX_POINT('',#3107);
#984=VERTEX_POINT('',#3110);
#985=VERTEX_POINT('',#3111);
#986=VERTEX_POINT('',#3113);
#987=VERTEX_POINT('',#3115);
#988=VERTEX_POINT('',#3117);
#989=VERTEX_POINT('',#3119);
#990=VERTEX_POINT('',#3121);
#991=VERTEX_POINT('',#3123);
#992=VERTEX_POINT('',#3126);
#993=VERTEX_POINT('',#3127);
#994=VERTEX_POINT('',#3129);
#995=VERTEX_POINT('',#3131);
#996=VERTEX_POINT('',#3133);
#997=VERTEX_POINT('',#3143);
#998=VERTEX_POINT('',#3144);
#999=VERTEX_POINT('',#3147);
#1000=VERTEX_POINT('',#3149);
#1001=VERTEX_POINT('',#3151);
#1002=VERTEX_POINT('',#3153);
#1003=VERTEX_POINT('',#3157);
#1004=VERTEX_POINT('',#3161);
#1005=VERTEX_POINT('',#3163);
#1006=VERTEX_POINT('',#3165);
#1007=VERTEX_POINT('',#3167);
#1008=VERTEX_POINT('',#3169);
#1009=VERTEX_POINT('',#3173);
#1010=VERTEX_POINT('',#3177);
#1011=VERTEX_POINT('',#3179);
#1012=VERTEX_POINT('',#3183);
#1013=VERTEX_POINT('',#3185);
#1014=VERTEX_POINT('',#3187);
#1015=VERTEX_POINT('',#3189);
#1016=VERTEX_POINT('',#3191);
#1017=VERTEX_POINT('',#3195);
#1018=VERTEX_POINT('',#3197);
#1019=VERTEX_POINT('',#3199);
#1020=VERTEX_POINT('',#3201);
#1021=VERTEX_POINT('',#3203);
#1022=VERTEX_POINT('',#3207);
#1023=VERTEX_POINT('',#3211);
#1024=VERTEX_POINT('',#3213);
#1025=VERTEX_POINT('',#3215);
#1026=VERTEX_POINT('',#3217);
#1027=VERTEX_POINT('',#3219);
#1028=VERTEX_POINT('',#3223);
#1029=VERTEX_POINT('',#3225);
#1030=VERTEX_POINT('',#3227);
#1031=VERTEX_POINT('',#3229);
#1032=VERTEX_POINT('',#3231);
#1033=VERTEX_POINT('',#3233);
#1034=VERTEX_POINT('',#3241);
#1035=VERTEX_POINT('',#3245);
#1036=VERTEX_POINT('',#3247);
#1037=VERTEX_POINT('',#3249);
#1038=VERTEX_POINT('',#3251);
#1039=VERTEX_POINT('',#3253);
#1040=VERTEX_POINT('',#3257);
#1041=VERTEX_POINT('',#3261);
#1042=VERTEX_POINT('',#3263);
#1043=VERTEX_POINT('',#3265);
#1044=VERTEX_POINT('',#3267);
#1045=VERTEX_POINT('',#3271);
#1046=VERTEX_POINT('',#3276);
#1047=VERTEX_POINT('',#3278);
#1048=VERTEX_POINT('',#3286);
#1049=VERTEX_POINT('',#3292);
#1050=VERTEX_POINT('',#3302);
#1051=VERTEX_POINT('',#3310);
#1052=VERTEX_POINT('',#3318);
#1053=VERTEX_POINT('',#3326);
#1054=VERTEX_POINT('',#3332);
#1055=VERTEX_POINT('',#3333);
#1056=VERTEX_POINT('',#3335);
#1057=VERTEX_POINT('',#3337);
#1058=VERTEX_POINT('',#3339);
#1059=VERTEX_POINT('',#3343);
#1060=VERTEX_POINT('',#3344);
#1061=VERTEX_POINT('',#3346);
#1062=VERTEX_POINT('',#3348);
#1063=VERTEX_POINT('',#3353);
#1064=VERTEX_POINT('',#3361);
#1065=VERTEX_POINT('',#3366);
#1066=VERTEX_POINT('',#3370);
#1067=VERTEX_POINT('',#3382);
#1068=VERTEX_POINT('',#3384);
#1069=VERTEX_POINT('',#3389);
#1070=VERTEX_POINT('',#3391);
#1071=VERTEX_POINT('',#3396);
#1072=VERTEX_POINT('',#3398);
#1073=VERTEX_POINT('',#3403);
#1074=VERTEX_POINT('',#3405);
#1075=VERTEX_POINT('',#3414);
#1076=VERTEX_POINT('',#3423);
#1077=VERTEX_POINT('',#3425);
#1078=VERTEX_POINT('',#3427);
#1079=VERTEX_POINT('',#3430);
#1080=VERTEX_POINT('',#3432);
#1081=VERTEX_POINT('',#3436);
#1082=VERTEX_POINT('',#3437);
#1083=VERTEX_POINT('',#3439);
#1084=VERTEX_POINT('',#3442);
#1085=VERTEX_POINT('',#3444);
#1086=VERTEX_POINT('',#3448);
#1087=VERTEX_POINT('',#3450);
#1088=VERTEX_POINT('',#3454);
#1089=VERTEX_POINT('',#3455);
#1090=VERTEX_POINT('',#3457);
#1091=VERTEX_POINT('',#3460);
#1092=VERTEX_POINT('',#3462);
#1093=VERTEX_POINT('',#3466);
#1094=VERTEX_POINT('',#3468);
#1095=VERTEX_POINT('',#3472);
#1096=VERTEX_POINT('',#3473);
#1097=VERTEX_POINT('',#3475);
#1098=VERTEX_POINT('',#3478);
#1099=VERTEX_POINT('',#3480);
#1100=VERTEX_POINT('',#3484);
#1101=VERTEX_POINT('',#3486);
#1102=VERTEX_POINT('',#3490);
#1103=VERTEX_POINT('',#3492);
#1104=VERTEX_POINT('',#3496);
#1105=VERTEX_POINT('',#3498);
#1106=VERTEX_POINT('',#3502);
#1107=VERTEX_POINT('',#3506);
#1108=VERTEX_POINT('',#3512);
#1109=VERTEX_POINT('',#3516);
#1110=VERTEX_POINT('',#3522);
#1111=VERTEX_POINT('',#3526);
#1112=EDGE_CURVE('',#914,#914,#857,.T.);
#1113=EDGE_CURVE('',#914,#915,#369,.T.);
#1114=EDGE_CURVE('',#915,#915,#858,.T.);
#1115=EDGE_CURVE('',#916,#916,#859,.T.);
#1116=EDGE_CURVE('',#916,#917,#370,.T.);
#1117=EDGE_CURVE('',#917,#917,#860,.T.);
#1118=EDGE_CURVE('',#918,#919,#371,.T.);
#1119=EDGE_CURVE('',#920,#918,#372,.T.);
#1120=EDGE_CURVE('',#921,#920,#373,.T.);
#1121=EDGE_CURVE('',#919,#921,#374,.T.);
#1122=EDGE_CURVE('',#922,#923,#375,.T.);
#1123=EDGE_CURVE('',#924,#922,#376,.T.);
#1124=EDGE_CURVE('',#925,#924,#377,.T.);
#1125=EDGE_CURVE('',#923,#925,#378,.T.);
#1126=EDGE_CURVE('',#918,#926,#379,.T.);
#1127=EDGE_CURVE('',#927,#926,#380,.T.);
#1128=EDGE_CURVE('',#920,#927,#381,.T.);
#1129=EDGE_CURVE('',#919,#928,#382,.T.);
#1130=EDGE_CURVE('',#926,#928,#383,.T.);
#1131=EDGE_CURVE('',#924,#929,#384,.T.);
#1132=EDGE_CURVE('',#930,#929,#385,.T.);
#1133=EDGE_CURVE('',#925,#930,#386,.T.);
#1134=EDGE_CURVE('',#922,#931,#387,.T.);
#1135=EDGE_CURVE('',#929,#931,#388,.T.);
#1136=EDGE_CURVE('',#932,#923,#389,.T.);
#1137=EDGE_CURVE('',#931,#932,#390,.T.);
#1138=EDGE_CURVE('',#933,#921,#391,.T.);
#1139=EDGE_CURVE('',#928,#933,#392,.T.);
#1140=EDGE_CURVE('',#927,#933,#393,.T.);
#1141=EDGE_CURVE('',#930,#932,#394,.T.);
#1142=EDGE_CURVE('',#934,#935,#861,.T.);
#1143=EDGE_CURVE('',#935,#936,#395,.T.);
#1144=EDGE_CURVE('',#936,#937,#862,.T.);
#1145=EDGE_CURVE('',#937,#934,#396,.T.);
#1146=EDGE_CURVE('',#936,#938,#863,.T.);
#1147=EDGE_CURVE('',#938,#937,#864,.T.);
#1148=EDGE_CURVE('',#936,#939,#397,.T.);
#1149=EDGE_CURVE('',#940,#939,#865,.T.);
#1150=EDGE_CURVE('',#940,#938,#398,.T.);
#1151=EDGE_CURVE('',#941,#935,#399,.T.);
#1152=EDGE_CURVE('',#939,#941,#400,.T.);
#1153=EDGE_CURVE('',#942,#943,#401,.T.);
#1154=EDGE_CURVE('',#943,#944,#402,.T.);
#1155=EDGE_CURVE('',#944,#945,#403,.T.);
#1156=EDGE_CURVE('',#945,#942,#404,.T.);
#1157=EDGE_CURVE('',#946,#947,#866,.T.);
#1158=EDGE_CURVE('',#947,#948,#405,.T.);
#1159=EDGE_CURVE('',#948,#949,#406,.T.);
#1160=EDGE_CURVE('',#949,#950,#407,.T.);
#1161=EDGE_CURVE('',#950,#951,#867,.T.);
#1162=EDGE_CURVE('',#951,#952,#408,.T.);
#1163=EDGE_CURVE('',#952,#953,#409,.T.);
#1164=EDGE_CURVE('',#953,#946,#410,.T.);
#1165=EDGE_CURVE('',#934,#954,#411,.T.);
#1166=EDGE_CURVE('',#955,#954,#868,.T.);
#1167=EDGE_CURVE('',#955,#956,#412,.T.);
#1168=EDGE_CURVE('',#957,#956,#869,.T.);
#1169=EDGE_CURVE('',#957,#958,#413,.T.);
#1170=EDGE_CURVE('',#958,#959,#414,.T.);
#1171=EDGE_CURVE('',#959,#960,#415,.T.);
#1172=EDGE_CURVE('',#960,#961,#416,.T.);
#1173=EDGE_CURVE('',#961,#962,#417,.T.);
#1174=EDGE_CURVE('',#941,#962,#870,.T.);
#1175=EDGE_CURVE('',#963,#963,#871,.T.);
#1176=EDGE_CURVE('',#964,#964,#872,.T.);
#1177=EDGE_CURVE('',#965,#965,#873,.T.);
#1178=EDGE_CURVE('',#966,#966,#874,.T.);
#1179=EDGE_CURVE('',#962,#967,#418,.T.);
#1180=EDGE_CURVE('',#967,#939,#875,.T.);
#1181=EDGE_CURVE('',#967,#940,#876,.T.);
#1182=EDGE_CURVE('',#967,#968,#419,.T.);
#1183=EDGE_CURVE('',#969,#968,#877,.T.);
#1184=EDGE_CURVE('',#969,#940,#420,.T.);
#1185=EDGE_CURVE('',#970,#961,#421,.T.);
#1186=EDGE_CURVE('',#970,#971,#422,.T.);
#1187=EDGE_CURVE('',#971,#972,#423,.T.);
#1188=EDGE_CURVE('',#972,#973,#424,.T.);
#1189=EDGE_CURVE('',#974,#973,#425,.T.);
#1190=EDGE_CURVE('',#974,#975,#426,.T.);
#1191=EDGE_CURVE('',#975,#976,#427,.T.);
#1192=EDGE_CURVE('',#976,#977,#428,.T.);
#1193=EDGE_CURVE('',#977,#978,#429,.T.);
#1194=EDGE_CURVE('',#978,#979,#430,.T.);
#1195=EDGE_CURVE('',#979,#958,#431,.T.);
#1196=EDGE_CURVE('',#968,#957,#432,.T.);
#1197=EDGE_CURVE('',#954,#980,#433,.T.);
#1198=EDGE_CURVE('',#980,#981,#878,.T.);
#1199=EDGE_CURVE('',#981,#955,#434,.T.);
#1200=EDGE_CURVE('',#980,#982,#879,.T.);
#1201=EDGE_CURVE('',#982,#981,#880,.T.);
#1202=EDGE_CURVE('',#980,#937,#435,.T.);
#1203=EDGE_CURVE('',#983,#981,#436,.T.);
#1204=EDGE_CURVE('',#956,#983,#437,.T.);
#1205=EDGE_CURVE('',#984,#985,#881,.T.);
#1206=EDGE_CURVE('',#985,#986,#438,.T.);
#1207=EDGE_CURVE('',#986,#987,#439,.T.);
#1208=EDGE_CURVE('',#987,#988,#440,.T.);
#1209=EDGE_CURVE('',#988,#989,#882,.T.);
#1210=EDGE_CURVE('',#989,#990,#441,.T.);
#1211=EDGE_CURVE('',#990,#991,#442,.T.);
#1212=EDGE_CURVE('',#991,#984,#443,.T.);
#1213=EDGE_CURVE('',#992,#993,#444,.T.);
#1214=EDGE_CURVE('',#993,#994,#445,.T.);
#1215=EDGE_CURVE('',#994,#995,#446,.T.);
#1216=EDGE_CURVE('',#995,#996,#447,.T.);
#1217=EDGE_CURVE('',#996,#992,#448,.T.);
#1218=EDGE_CURVE('',#968,#983,#883,.T.);
#1219=EDGE_CURVE('',#983,#969,#884,.T.);
#1220=EDGE_CURVE('',#982,#969,#449,.T.);
#1221=EDGE_CURVE('',#997,#998,#450,.T.);
#1222=EDGE_CURVE('',#990,#997,#451,.T.);
#1223=EDGE_CURVE('',#989,#999,#452,.T.);
#1224=EDGE_CURVE('',#1000,#999,#453,.T.);
#1225=EDGE_CURVE('',#1001,#1000,#454,.T.);
#1226=EDGE_CURVE('',#1002,#1001,#455,.T.);
#1227=EDGE_CURVE('',#998,#1002,#456,.T.);
#1228=EDGE_CURVE('',#1003,#997,#457,.T.);
#1229=EDGE_CURVE('',#991,#1003,#458,.T.);
#1230=EDGE_CURVE('',#1004,#1003,#459,.T.);
#1231=EDGE_CURVE('',#1005,#1004,#460,.T.);
#1232=EDGE_CURVE('',#1006,#1005,#461,.T.);
#1233=EDGE_CURVE('',#1007,#1006,#462,.T.);
#1234=EDGE_CURVE('',#1008,#1007,#463,.T.);
#1235=EDGE_CURVE('',#984,#1008,#464,.T.);
#1236=EDGE_CURVE('',#999,#1009,#885,.T.);
#1237=EDGE_CURVE('',#988,#1009,#465,.T.);
#1238=EDGE_CURVE('',#1010,#950,#466,.T.);
#1239=EDGE_CURVE('',#1011,#1010,#886,.T.);
#1240=EDGE_CURVE('',#1011,#951,#467,.T.);
#1241=EDGE_CURVE('',#1009,#1012,#468,.T.);
#1242=EDGE_CURVE('',#987,#1013,#469,.T.);
#1243=EDGE_CURVE('',#1014,#1013,#470,.T.);
#1244=EDGE_CURVE('',#1015,#1014,#471,.T.);
#1245=EDGE_CURVE('',#1016,#1015,#472,.T.);
#1246=EDGE_CURVE('',#1012,#1016,#473,.T.);
#1247=EDGE_CURVE('',#1017,#1011,#474,.T.);
#1248=EDGE_CURVE('',#1018,#1017,#475,.T.);
#1249=EDGE_CURVE('',#1019,#1018,#476,.T.);
#1250=EDGE_CURVE('',#1020,#1019,#477,.T.);
#1251=EDGE_CURVE('',#1021,#1020,#478,.T.);
#1252=EDGE_CURVE('',#1021,#952,#479,.T.);
#1253=EDGE_CURVE('',#1022,#1008,#887,.T.);
#1254=EDGE_CURVE('',#985,#1022,#480,.T.);
#1255=EDGE_CURVE('',#1023,#1022,#481,.T.);
#1256=EDGE_CURVE('',#1024,#1023,#482,.T.);
#1257=EDGE_CURVE('',#1025,#1024,#483,.T.);
#1258=EDGE_CURVE('',#1026,#1025,#484,.T.);
#1259=EDGE_CURVE('',#1027,#1026,#485,.T.);
#1260=EDGE_CURVE('',#986,#1027,#486,.T.);
#1261=EDGE_CURVE('',#1028,#953,#487,.T.);
#1262=EDGE_CURVE('',#1029,#1028,#488,.T.);
#1263=EDGE_CURVE('',#1030,#1029,#489,.T.);
#1264=EDGE_CURVE('',#1031,#1030,#490,.T.);
#1265=EDGE_CURVE('',#1032,#1031,#491,.T.);
#1266=EDGE_CURVE('',#1033,#1032,#492,.T.);
#1267=EDGE_CURVE('',#1033,#946,#493,.T.);
#1268=EDGE_CURVE('',#1013,#1027,#494,.T.);
#1269=EDGE_CURVE('',#1028,#1021,#495,.T.);
#1270=EDGE_CURVE('',#1034,#1033,#888,.T.);
#1271=EDGE_CURVE('',#1034,#947,#496,.T.);
#1272=EDGE_CURVE('',#1035,#1034,#497,.T.);
#1273=EDGE_CURVE('',#1036,#1035,#498,.T.);
#1274=EDGE_CURVE('',#1037,#1036,#499,.T.);
#1275=EDGE_CURVE('',#1038,#1037,#500,.T.);
#1276=EDGE_CURVE('',#1039,#1038,#501,.T.);
#1277=EDGE_CURVE('',#1039,#948,#502,.T.);
#1278=EDGE_CURVE('',#1040,#1039,#503,.T.);
#1279=EDGE_CURVE('',#1040,#949,#504,.T.);
#1280=EDGE_CURVE('',#1041,#1040,#505,.T.);
#1281=EDGE_CURVE('',#1042,#1041,#506,.T.);
#1282=EDGE_CURVE('',#1043,#1042,#507,.T.);
#1283=EDGE_CURVE('',#1044,#1043,#508,.T.);
#1284=EDGE_CURVE('',#1010,#1044,#509,.T.);
#1285=EDGE_CURVE('',#1045,#960,#510,.T.);
#1286=EDGE_CURVE('',#1045,#1035,#511,.T.);
#1287=EDGE_CURVE('',#1032,#970,#512,.T.);
#1288=EDGE_CURVE('',#1038,#1046,#513,.T.);
#1289=EDGE_CURVE('',#1047,#1046,#514,.T.);
#1290=EDGE_CURVE('',#974,#1047,#515,.T.);
#1291=EDGE_CURVE('',#973,#1029,#516,.T.);
#1292=EDGE_CURVE('',#1020,#1041,#517,.T.);
#1293=EDGE_CURVE('',#971,#1031,#518,.T.);
#1294=EDGE_CURVE('',#1048,#1045,#519,.T.);
#1295=EDGE_CURVE('',#1036,#1048,#520,.T.);
#1296=EDGE_CURVE('',#1030,#972,#521,.T.);
#1297=EDGE_CURVE('',#1048,#1049,#522,.T.);
#1298=EDGE_CURVE('',#1049,#1037,#523,.T.);
#1299=EDGE_CURVE('',#1046,#1049,#524,.T.);
#1300=EDGE_CURVE('',#1042,#1019,#525,.T.);
#1301=EDGE_CURVE('',#979,#1023,#526,.T.);
#1302=EDGE_CURVE('',#1007,#1050,#527,.T.);
#1303=EDGE_CURVE('',#1050,#959,#528,.T.);
#1304=EDGE_CURVE('',#1012,#1000,#529,.T.);
#1305=EDGE_CURVE('',#1024,#978,#530,.T.);
#1306=EDGE_CURVE('',#1051,#1006,#531,.T.);
#1307=EDGE_CURVE('',#1050,#1051,#532,.T.);
#1308=EDGE_CURVE('',#1001,#1016,#533,.T.);
#1309=EDGE_CURVE('',#977,#1025,#534,.T.);
#1310=EDGE_CURVE('',#1005,#1052,#535,.T.);
#1311=EDGE_CURVE('',#1052,#1051,#536,.T.);
#1312=EDGE_CURVE('',#1015,#1002,#537,.T.);
#1313=EDGE_CURVE('',#1026,#976,#538,.T.);
#1314=EDGE_CURVE('',#1053,#1004,#539,.T.);
#1315=EDGE_CURVE('',#1052,#1053,#540,.T.);
#1316=EDGE_CURVE('',#998,#1014,#541,.T.);
#1317=EDGE_CURVE('',#1054,#1055,#542,.T.);
#1318=EDGE_CURVE('',#1056,#1054,#543,.T.);
#1319=EDGE_CURVE('',#1057,#1056,#544,.T.);
#1320=EDGE_CURVE('',#1058,#1057,#545,.T.);
#1321=EDGE_CURVE('',#1055,#1058,#546,.T.);
#1322=EDGE_CURVE('',#1059,#1060,#547,.T.);
#1323=EDGE_CURVE('',#1061,#1059,#548,.T.);
#1324=EDGE_CURVE('',#1062,#1061,#549,.T.);
#1325=EDGE_CURVE('',#1060,#1062,#550,.T.);
#1326=EDGE_CURVE('',#993,#1055,#551,.T.);
#1327=EDGE_CURVE('',#992,#1063,#552,.T.);
#1328=EDGE_CURVE('',#1054,#1063,#553,.T.);
#1329=EDGE_CURVE('',#994,#1058,#554,.T.);
#1330=EDGE_CURVE('',#995,#1057,#555,.T.);
#1331=EDGE_CURVE('',#1064,#1060,#556,.T.);
#1332=EDGE_CURVE('',#945,#1064,#557,.T.);
#1333=EDGE_CURVE('',#944,#1059,#558,.T.);
#1334=EDGE_CURVE('',#1062,#1065,#559,.T.);
#1335=EDGE_CURVE('',#1065,#1064,#560,.T.);
#1336=EDGE_CURVE('',#1066,#1056,#561,.T.);
#1337=EDGE_CURVE('',#996,#1066,#562,.T.);
#1338=EDGE_CURVE('',#1063,#1066,#563,.T.);
#1339=EDGE_CURVE('',#943,#1061,#564,.T.);
#1340=EDGE_CURVE('',#942,#1065,#565,.T.);
#1341=EDGE_CURVE('',#1067,#1067,#889,.T.);
#1342=EDGE_CURVE('',#1067,#1068,#566,.T.);
#1343=EDGE_CURVE('',#963,#1067,#567,.T.);
#1344=EDGE_CURVE('',#1069,#1069,#890,.T.);
#1345=EDGE_CURVE('',#1069,#1070,#568,.T.);
#1346=EDGE_CURVE('',#964,#1069,#569,.T.);
#1347=EDGE_CURVE('',#1071,#1071,#891,.T.);
#1348=EDGE_CURVE('',#1071,#1072,#570,.T.);
#1349=EDGE_CURVE('',#965,#1071,#571,.T.);
#1350=EDGE_CURVE('',#1073,#1073,#892,.T.);
#1351=EDGE_CURVE('',#1073,#1074,#572,.T.);
#1352=EDGE_CURVE('',#966,#1073,#573,.T.);
#1353=EDGE_CURVE('',#1018,#1043,#574,.T.);
#1354=EDGE_CURVE('',#1044,#1017,#575,.T.);
#1355=EDGE_CURVE('',#1075,#975,#576,.T.);
#1356=EDGE_CURVE('',#1075,#1053,#577,.T.);
#1357=EDGE_CURVE('',#1047,#1075,#578,.T.);
#1358=EDGE_CURVE('',#938,#982,#579,.T.);
#1359=EDGE_CURVE('',#1076,#1076,#893,.T.);
#1360=EDGE_CURVE('',#1077,#1077,#894,.T.);
#1361=EDGE_CURVE('',#1078,#1078,#895,.T.);
#1362=EDGE_CURVE('',#1076,#1079,#896,.T.);
#1363=EDGE_CURVE('',#1079,#1080,#897,.T.);
#1364=EDGE_CURVE('',#1080,#1079,#898,.T.);
#1365=EDGE_CURVE('',#1081,#1082,#580,.T.);
#1366=EDGE_CURVE('',#1083,#1082,#899,.T.);
#1367=EDGE_CURVE('',#1083,#1080,#581,.T.);
#1368=EDGE_CURVE('',#1084,#1083,#900,.T.);
#1369=EDGE_CURVE('',#1084,#1085,#582,.T.);
#1370=EDGE_CURVE('',#1085,#1081,#901,.T.);
#1371=EDGE_CURVE('',#1078,#1086,#902,.T.);
#1372=EDGE_CURVE('',#1086,#1087,#903,.T.);
#1373=EDGE_CURVE('',#1087,#1086,#904,.T.);
#1374=EDGE_CURVE('',#1088,#1089,#583,.T.);
#1375=EDGE_CURVE('',#1090,#1089,#905,.T.);
#1376=EDGE_CURVE('',#1090,#1087,#584,.T.);
#1377=EDGE_CURVE('',#1091,#1090,#906,.T.);
#1378=EDGE_CURVE('',#1091,#1092,#585,.T.);
#1379=EDGE_CURVE('',#1092,#1088,#907,.T.);
#1380=EDGE_CURVE('',#1077,#1093,#908,.T.);
#1381=EDGE_CURVE('',#1093,#1094,#909,.T.);
#1382=EDGE_CURVE('',#1094,#1093,#910,.T.);
#1383=EDGE_CURVE('',#1095,#1096,#586,.T.);
#1384=EDGE_CURVE('',#1097,#1096,#911,.T.);
#1385=EDGE_CURVE('',#1097,#1094,#587,.T.);
#1386=EDGE_CURVE('',#1098,#1097,#912,.T.);
#1387=EDGE_CURVE('',#1098,#1099,#588,.T.);
#1388=EDGE_CURVE('',#1099,#1095,#913,.T.);
#1389=EDGE_CURVE('',#1100,#1085,#589,.T.);
#1390=EDGE_CURVE('',#1101,#1100,#590,.T.);
#1391=EDGE_CURVE('',#1081,#1101,#591,.T.);
#1392=EDGE_CURVE('',#1102,#1092,#592,.T.);
#1393=EDGE_CURVE('',#1103,#1102,#593,.T.);
#1394=EDGE_CURVE('',#1088,#1103,#594,.T.);
#1395=EDGE_CURVE('',#1104,#1099,#595,.T.);
#1396=EDGE_CURVE('',#1105,#1104,#596,.T.);
#1397=EDGE_CURVE('',#1095,#1105,#597,.T.);
#1398=EDGE_CURVE('',#1106,#1091,#598,.T.);
#1399=EDGE_CURVE('',#1106,#1102,#599,.T.);
#1400=EDGE_CURVE('',#1107,#1106,#600,.T.);
#1401=EDGE_CURVE('',#1107,#1103,#601,.T.);
#1402=EDGE_CURVE('',#1089,#1107,#602,.T.);
#1403=EDGE_CURVE('',#1108,#1084,#603,.T.);
#1404=EDGE_CURVE('',#1108,#1100,#604,.T.);
#1405=EDGE_CURVE('',#1109,#1108,#605,.T.);
#1406=EDGE_CURVE('',#1109,#1101,#606,.T.);
#1407=EDGE_CURVE('',#1082,#1109,#607,.T.);
#1408=EDGE_CURVE('',#1110,#1098,#608,.T.);
#1409=EDGE_CURVE('',#1110,#1104,#609,.T.);
#1410=EDGE_CURVE('',#1111,#1110,#610,.T.);
#1411=EDGE_CURVE('',#1111,#1105,#611,.T.);
#1412=EDGE_CURVE('',#1096,#1111,#612,.T.);
#1413=ORIENTED_EDGE('',*,*,#1112,.F.);
#1414=ORIENTED_EDGE('',*,*,#1113,.T.);
#1415=ORIENTED_EDGE('',*,*,#1114,.T.);
#1416=ORIENTED_EDGE('',*,*,#1113,.F.);
#1417=ORIENTED_EDGE('',*,*,#1114,.F.);
#1418=ORIENTED_EDGE('',*,*,#1115,.F.);
#1419=ORIENTED_EDGE('',*,*,#1116,.T.);
#1420=ORIENTED_EDGE('',*,*,#1117,.T.);
#1421=ORIENTED_EDGE('',*,*,#1116,.F.);
#1422=ORIENTED_EDGE('',*,*,#1117,.F.);
#1423=ORIENTED_EDGE('',*,*,#1118,.F.);
#1424=ORIENTED_EDGE('',*,*,#1119,.F.);
#1425=ORIENTED_EDGE('',*,*,#1120,.F.);
#1426=ORIENTED_EDGE('',*,*,#1121,.F.);
#1427=ORIENTED_EDGE('',*,*,#1115,.T.);
#1428=ORIENTED_EDGE('',*,*,#1122,.F.);
#1429=ORIENTED_EDGE('',*,*,#1123,.F.);
#1430=ORIENTED_EDGE('',*,*,#1124,.F.);
#1431=ORIENTED_EDGE('',*,*,#1125,.F.);
#1432=ORIENTED_EDGE('',*,*,#1112,.T.);
#1433=ORIENTED_EDGE('',*,*,#1119,.T.);
#1434=ORIENTED_EDGE('',*,*,#1126,.T.);
#1435=ORIENTED_EDGE('',*,*,#1127,.F.);
#1436=ORIENTED_EDGE('',*,*,#1128,.F.);
#1437=ORIENTED_EDGE('',*,*,#1118,.T.);
#1438=ORIENTED_EDGE('',*,*,#1129,.T.);
#1439=ORIENTED_EDGE('',*,*,#1130,.F.);
#1440=ORIENTED_EDGE('',*,*,#1126,.F.);
#1441=ORIENTED_EDGE('',*,*,#1124,.T.);
#1442=ORIENTED_EDGE('',*,*,#1131,.T.);
#1443=ORIENTED_EDGE('',*,*,#1132,.F.);
#1444=ORIENTED_EDGE('',*,*,#1133,.F.);
#1445=ORIENTED_EDGE('',*,*,#1123,.T.);
#1446=ORIENTED_EDGE('',*,*,#1134,.T.);
#1447=ORIENTED_EDGE('',*,*,#1135,.F.);
#1448=ORIENTED_EDGE('',*,*,#1131,.F.);
#1449=ORIENTED_EDGE('',*,*,#1122,.T.);
#1450=ORIENTED_EDGE('',*,*,#1136,.F.);
#1451=ORIENTED_EDGE('',*,*,#1137,.F.);
#1452=ORIENTED_EDGE('',*,*,#1134,.F.);
#1453=ORIENTED_EDGE('',*,*,#1121,.T.);
#1454=ORIENTED_EDGE('',*,*,#1138,.F.);
#1455=ORIENTED_EDGE('',*,*,#1139,.F.);
#1456=ORIENTED_EDGE('',*,*,#1129,.F.);
#1457=ORIENTED_EDGE('',*,*,#1130,.T.);
#1458=ORIENTED_EDGE('',*,*,#1139,.T.);
#1459=ORIENTED_EDGE('',*,*,#1140,.F.);
#1460=ORIENTED_EDGE('',*,*,#1127,.T.);
#1461=ORIENTED_EDGE('',*,*,#1137,.T.);
#1462=ORIENTED_EDGE('',*,*,#1141,.F.);
#1463=ORIENTED_EDGE('',*,*,#1132,.T.);
#1464=ORIENTED_EDGE('',*,*,#1135,.T.);
#1465=ORIENTED_EDGE('',*,*,#1142,.T.);
#1466=ORIENTED_EDGE('',*,*,#1143,.T.);
#1467=ORIENTED_EDGE('',*,*,#1144,.T.);
#1468=ORIENTED_EDGE('',*,*,#1145,.T.);
#1469=ORIENTED_EDGE('',*,*,#1144,.F.);
#1470=ORIENTED_EDGE('',*,*,#1146,.T.);
#1471=ORIENTED_EDGE('',*,*,#1147,.T.);
#1472=ORIENTED_EDGE('',*,*,#1146,.F.);
#1473=ORIENTED_EDGE('',*,*,#1148,.T.);
#1474=ORIENTED_EDGE('',*,*,#1149,.F.);
#1475=ORIENTED_EDGE('',*,*,#1150,.T.);
#1476=ORIENTED_EDGE('',*,*,#1143,.F.);
#1477=ORIENTED_EDGE('',*,*,#1151,.F.);
#1478=ORIENTED_EDGE('',*,*,#1152,.F.);
#1479=ORIENTED_EDGE('',*,*,#1148,.F.);
#1480=ORIENTED_EDGE('',*,*,#1153,.T.);
#1481=ORIENTED_EDGE('',*,*,#1154,.T.);
#1482=ORIENTED_EDGE('',*,*,#1155,.T.);
#1483=ORIENTED_EDGE('',*,*,#1156,.T.);
#1484=ORIENTED_EDGE('',*,*,#1157,.T.);
#1485=ORIENTED_EDGE('',*,*,#1158,.T.);
#1486=ORIENTED_EDGE('',*,*,#1159,.T.);
#1487=ORIENTED_EDGE('',*,*,#1160,.T.);
#1488=ORIENTED_EDGE('',*,*,#1161,.T.);
#1489=ORIENTED_EDGE('',*,*,#1162,.T.);
#1490=ORIENTED_EDGE('',*,*,#1163,.T.);
#1491=ORIENTED_EDGE('',*,*,#1164,.T.);
#1492=ORIENTED_EDGE('',*,*,#1142,.F.);
#1493=ORIENTED_EDGE('',*,*,#1165,.T.);
#1494=ORIENTED_EDGE('',*,*,#1166,.F.);
#1495=ORIENTED_EDGE('',*,*,#1167,.T.);
#1496=ORIENTED_EDGE('',*,*,#1168,.F.);
#1497=ORIENTED_EDGE('',*,*,#1169,.T.);
#1498=ORIENTED_EDGE('',*,*,#1170,.T.);
#1499=ORIENTED_EDGE('',*,*,#1171,.T.);
#1500=ORIENTED_EDGE('',*,*,#1172,.T.);
#1501=ORIENTED_EDGE('',*,*,#1173,.T.);
#1502=ORIENTED_EDGE('',*,*,#1174,.F.);
#1503=ORIENTED_EDGE('',*,*,#1151,.T.);
#1504=ORIENTED_EDGE('',*,*,#1175,.T.);
#1505=ORIENTED_EDGE('',*,*,#1176,.T.);
#1506=ORIENTED_EDGE('',*,*,#1177,.T.);
#1507=ORIENTED_EDGE('',*,*,#1178,.T.);
#1508=ORIENTED_EDGE('',*,*,#1174,.T.);
#1509=ORIENTED_EDGE('',*,*,#1179,.T.);
#1510=ORIENTED_EDGE('',*,*,#1180,.T.);
#1511=ORIENTED_EDGE('',*,*,#1152,.T.);
#1512=ORIENTED_EDGE('',*,*,#1180,.F.);
#1513=ORIENTED_EDGE('',*,*,#1181,.T.);
#1514=ORIENTED_EDGE('',*,*,#1149,.T.);
#1515=ORIENTED_EDGE('',*,*,#1181,.F.);
#1516=ORIENTED_EDGE('',*,*,#1182,.T.);
#1517=ORIENTED_EDGE('',*,*,#1183,.F.);
#1518=ORIENTED_EDGE('',*,*,#1184,.T.);
#1519=ORIENTED_EDGE('',*,*,#1185,.F.);
#1520=ORIENTED_EDGE('',*,*,#1186,.T.);
#1521=ORIENTED_EDGE('',*,*,#1187,.T.);
#1522=ORIENTED_EDGE('',*,*,#1188,.T.);
#1523=ORIENTED_EDGE('',*,*,#1189,.F.);
#1524=ORIENTED_EDGE('',*,*,#1190,.T.);
#1525=ORIENTED_EDGE('',*,*,#1191,.T.);
#1526=ORIENTED_EDGE('',*,*,#1192,.T.);
#1527=ORIENTED_EDGE('',*,*,#1193,.T.);
#1528=ORIENTED_EDGE('',*,*,#1194,.T.);
#1529=ORIENTED_EDGE('',*,*,#1195,.T.);
#1530=ORIENTED_EDGE('',*,*,#1169,.F.);
#1531=ORIENTED_EDGE('',*,*,#1196,.F.);
#1532=ORIENTED_EDGE('',*,*,#1182,.F.);
#1533=ORIENTED_EDGE('',*,*,#1179,.F.);
#1534=ORIENTED_EDGE('',*,*,#1173,.F.);
#1535=ORIENTED_EDGE('',*,*,#1166,.T.);
#1536=ORIENTED_EDGE('',*,*,#1197,.T.);
#1537=ORIENTED_EDGE('',*,*,#1198,.T.);
#1538=ORIENTED_EDGE('',*,*,#1199,.T.);
#1539=ORIENTED_EDGE('',*,*,#1198,.F.);
#1540=ORIENTED_EDGE('',*,*,#1200,.T.);
#1541=ORIENTED_EDGE('',*,*,#1201,.T.);
#1542=ORIENTED_EDGE('',*,*,#1145,.F.);
#1543=ORIENTED_EDGE('',*,*,#1202,.F.);
#1544=ORIENTED_EDGE('',*,*,#1197,.F.);
#1545=ORIENTED_EDGE('',*,*,#1165,.F.);
#1546=ORIENTED_EDGE('',*,*,#1199,.F.);
#1547=ORIENTED_EDGE('',*,*,#1203,.F.);
#1548=ORIENTED_EDGE('',*,*,#1204,.F.);
#1549=ORIENTED_EDGE('',*,*,#1167,.F.);
#1550=ORIENTED_EDGE('',*,*,#1205,.T.);
#1551=ORIENTED_EDGE('',*,*,#1206,.T.);
#1552=ORIENTED_EDGE('',*,*,#1207,.T.);
#1553=ORIENTED_EDGE('',*,*,#1208,.T.);
#1554=ORIENTED_EDGE('',*,*,#1209,.T.);
#1555=ORIENTED_EDGE('',*,*,#1210,.T.);
#1556=ORIENTED_EDGE('',*,*,#1211,.T.);
#1557=ORIENTED_EDGE('',*,*,#1212,.T.);
#1558=ORIENTED_EDGE('',*,*,#1213,.T.);
#1559=ORIENTED_EDGE('',*,*,#1214,.T.);
#1560=ORIENTED_EDGE('',*,*,#1215,.T.);
#1561=ORIENTED_EDGE('',*,*,#1216,.T.);
#1562=ORIENTED_EDGE('',*,*,#1217,.T.);
#1563=ORIENTED_EDGE('',*,*,#1218,.T.);
#1564=ORIENTED_EDGE('',*,*,#1219,.T.);
#1565=ORIENTED_EDGE('',*,*,#1183,.T.);
#1566=ORIENTED_EDGE('',*,*,#1168,.T.);
#1567=ORIENTED_EDGE('',*,*,#1204,.T.);
#1568=ORIENTED_EDGE('',*,*,#1218,.F.);
#1569=ORIENTED_EDGE('',*,*,#1196,.T.);
#1570=ORIENTED_EDGE('',*,*,#1201,.F.);
#1571=ORIENTED_EDGE('',*,*,#1220,.T.);
#1572=ORIENTED_EDGE('',*,*,#1219,.F.);
#1573=ORIENTED_EDGE('',*,*,#1203,.T.);
#1574=ORIENTED_EDGE('',*,*,#1221,.F.);
#1575=ORIENTED_EDGE('',*,*,#1222,.F.);
#1576=ORIENTED_EDGE('',*,*,#1210,.F.);
#1577=ORIENTED_EDGE('',*,*,#1223,.T.);
#1578=ORIENTED_EDGE('',*,*,#1224,.F.);
#1579=ORIENTED_EDGE('',*,*,#1225,.F.);
#1580=ORIENTED_EDGE('',*,*,#1226,.F.);
#1581=ORIENTED_EDGE('',*,*,#1227,.F.);
#1582=ORIENTED_EDGE('',*,*,#1228,.F.);
#1583=ORIENTED_EDGE('',*,*,#1229,.F.);
#1584=ORIENTED_EDGE('',*,*,#1211,.F.);
#1585=ORIENTED_EDGE('',*,*,#1222,.T.);
#1586=ORIENTED_EDGE('',*,*,#1230,.F.);
#1587=ORIENTED_EDGE('',*,*,#1231,.F.);
#1588=ORIENTED_EDGE('',*,*,#1232,.F.);
#1589=ORIENTED_EDGE('',*,*,#1233,.F.);
#1590=ORIENTED_EDGE('',*,*,#1234,.F.);
#1591=ORIENTED_EDGE('',*,*,#1235,.F.);
#1592=ORIENTED_EDGE('',*,*,#1212,.F.);
#1593=ORIENTED_EDGE('',*,*,#1229,.T.);
#1594=ORIENTED_EDGE('',*,*,#1236,.F.);
#1595=ORIENTED_EDGE('',*,*,#1223,.F.);
#1596=ORIENTED_EDGE('',*,*,#1209,.F.);
#1597=ORIENTED_EDGE('',*,*,#1237,.T.);
#1598=ORIENTED_EDGE('',*,*,#1161,.F.);
#1599=ORIENTED_EDGE('',*,*,#1238,.F.);
#1600=ORIENTED_EDGE('',*,*,#1239,.F.);
#1601=ORIENTED_EDGE('',*,*,#1240,.T.);
#1602=ORIENTED_EDGE('',*,*,#1241,.F.);
#1603=ORIENTED_EDGE('',*,*,#1237,.F.);
#1604=ORIENTED_EDGE('',*,*,#1208,.F.);
#1605=ORIENTED_EDGE('',*,*,#1242,.T.);
#1606=ORIENTED_EDGE('',*,*,#1243,.F.);
#1607=ORIENTED_EDGE('',*,*,#1244,.F.);
#1608=ORIENTED_EDGE('',*,*,#1245,.F.);
#1609=ORIENTED_EDGE('',*,*,#1246,.F.);
#1610=ORIENTED_EDGE('',*,*,#1162,.F.);
#1611=ORIENTED_EDGE('',*,*,#1240,.F.);
#1612=ORIENTED_EDGE('',*,*,#1247,.F.);
#1613=ORIENTED_EDGE('',*,*,#1248,.F.);
#1614=ORIENTED_EDGE('',*,*,#1249,.F.);
#1615=ORIENTED_EDGE('',*,*,#1250,.F.);
#1616=ORIENTED_EDGE('',*,*,#1251,.F.);
#1617=ORIENTED_EDGE('',*,*,#1252,.T.);
#1618=ORIENTED_EDGE('',*,*,#1253,.F.);
#1619=ORIENTED_EDGE('',*,*,#1254,.F.);
#1620=ORIENTED_EDGE('',*,*,#1205,.F.);
#1621=ORIENTED_EDGE('',*,*,#1235,.T.);
#1622=ORIENTED_EDGE('',*,*,#1255,.F.);
#1623=ORIENTED_EDGE('',*,*,#1256,.F.);
#1624=ORIENTED_EDGE('',*,*,#1257,.F.);
#1625=ORIENTED_EDGE('',*,*,#1258,.F.);
#1626=ORIENTED_EDGE('',*,*,#1259,.F.);
#1627=ORIENTED_EDGE('',*,*,#1260,.F.);
#1628=ORIENTED_EDGE('',*,*,#1206,.F.);
#1629=ORIENTED_EDGE('',*,*,#1254,.T.);
#1630=ORIENTED_EDGE('',*,*,#1164,.F.);
#1631=ORIENTED_EDGE('',*,*,#1261,.F.);
#1632=ORIENTED_EDGE('',*,*,#1262,.F.);
#1633=ORIENTED_EDGE('',*,*,#1263,.F.);
#1634=ORIENTED_EDGE('',*,*,#1264,.F.);
#1635=ORIENTED_EDGE('',*,*,#1265,.F.);
#1636=ORIENTED_EDGE('',*,*,#1266,.F.);
#1637=ORIENTED_EDGE('',*,*,#1267,.T.);
#1638=ORIENTED_EDGE('',*,*,#1268,.F.);
#1639=ORIENTED_EDGE('',*,*,#1242,.F.);
#1640=ORIENTED_EDGE('',*,*,#1207,.F.);
#1641=ORIENTED_EDGE('',*,*,#1260,.T.);
#1642=ORIENTED_EDGE('',*,*,#1163,.F.);
#1643=ORIENTED_EDGE('',*,*,#1252,.F.);
#1644=ORIENTED_EDGE('',*,*,#1269,.F.);
#1645=ORIENTED_EDGE('',*,*,#1261,.T.);
#1646=ORIENTED_EDGE('',*,*,#1157,.F.);
#1647=ORIENTED_EDGE('',*,*,#1267,.F.);
#1648=ORIENTED_EDGE('',*,*,#1270,.F.);
#1649=ORIENTED_EDGE('',*,*,#1271,.T.);
#1650=ORIENTED_EDGE('',*,*,#1158,.F.);
#1651=ORIENTED_EDGE('',*,*,#1271,.F.);
#1652=ORIENTED_EDGE('',*,*,#1272,.F.);
#1653=ORIENTED_EDGE('',*,*,#1273,.F.);
#1654=ORIENTED_EDGE('',*,*,#1274,.F.);
#1655=ORIENTED_EDGE('',*,*,#1275,.F.);
#1656=ORIENTED_EDGE('',*,*,#1276,.F.);
#1657=ORIENTED_EDGE('',*,*,#1277,.T.);
#1658=ORIENTED_EDGE('',*,*,#1159,.F.);
#1659=ORIENTED_EDGE('',*,*,#1277,.F.);
#1660=ORIENTED_EDGE('',*,*,#1278,.F.);
#1661=ORIENTED_EDGE('',*,*,#1279,.T.);
#1662=ORIENTED_EDGE('',*,*,#1160,.F.);
#1663=ORIENTED_EDGE('',*,*,#1279,.F.);
#1664=ORIENTED_EDGE('',*,*,#1280,.F.);
#1665=ORIENTED_EDGE('',*,*,#1281,.F.);
#1666=ORIENTED_EDGE('',*,*,#1282,.F.);
#1667=ORIENTED_EDGE('',*,*,#1283,.F.);
#1668=ORIENTED_EDGE('',*,*,#1284,.F.);
#1669=ORIENTED_EDGE('',*,*,#1238,.T.);
#1670=ORIENTED_EDGE('',*,*,#1185,.T.);
#1671=ORIENTED_EDGE('',*,*,#1172,.F.);
#1672=ORIENTED_EDGE('',*,*,#1285,.F.);
#1673=ORIENTED_EDGE('',*,*,#1286,.T.);
#1674=ORIENTED_EDGE('',*,*,#1272,.T.);
#1675=ORIENTED_EDGE('',*,*,#1270,.T.);
#1676=ORIENTED_EDGE('',*,*,#1266,.T.);
#1677=ORIENTED_EDGE('',*,*,#1287,.T.);
#1678=ORIENTED_EDGE('',*,*,#1128,.T.);
#1679=ORIENTED_EDGE('',*,*,#1140,.T.);
#1680=ORIENTED_EDGE('',*,*,#1138,.T.);
#1681=ORIENTED_EDGE('',*,*,#1120,.T.);
#1682=ORIENTED_EDGE('',*,*,#1280,.T.);
#1683=ORIENTED_EDGE('',*,*,#1278,.T.);
#1684=ORIENTED_EDGE('',*,*,#1276,.T.);
#1685=ORIENTED_EDGE('',*,*,#1288,.T.);
#1686=ORIENTED_EDGE('',*,*,#1289,.F.);
#1687=ORIENTED_EDGE('',*,*,#1290,.F.);
#1688=ORIENTED_EDGE('',*,*,#1189,.T.);
#1689=ORIENTED_EDGE('',*,*,#1291,.T.);
#1690=ORIENTED_EDGE('',*,*,#1262,.T.);
#1691=ORIENTED_EDGE('',*,*,#1269,.T.);
#1692=ORIENTED_EDGE('',*,*,#1251,.T.);
#1693=ORIENTED_EDGE('',*,*,#1292,.T.);
#1694=ORIENTED_EDGE('',*,*,#1265,.T.);
#1695=ORIENTED_EDGE('',*,*,#1293,.F.);
#1696=ORIENTED_EDGE('',*,*,#1186,.F.);
#1697=ORIENTED_EDGE('',*,*,#1287,.F.);
#1698=ORIENTED_EDGE('',*,*,#1273,.T.);
#1699=ORIENTED_EDGE('',*,*,#1286,.F.);
#1700=ORIENTED_EDGE('',*,*,#1294,.F.);
#1701=ORIENTED_EDGE('',*,*,#1295,.F.);
#1702=ORIENTED_EDGE('',*,*,#1264,.T.);
#1703=ORIENTED_EDGE('',*,*,#1296,.T.);
#1704=ORIENTED_EDGE('',*,*,#1187,.F.);
#1705=ORIENTED_EDGE('',*,*,#1293,.T.);
#1706=ORIENTED_EDGE('',*,*,#1274,.T.);
#1707=ORIENTED_EDGE('',*,*,#1295,.T.);
#1708=ORIENTED_EDGE('',*,*,#1297,.T.);
#1709=ORIENTED_EDGE('',*,*,#1298,.T.);
#1710=ORIENTED_EDGE('',*,*,#1263,.T.);
#1711=ORIENTED_EDGE('',*,*,#1291,.F.);
#1712=ORIENTED_EDGE('',*,*,#1188,.F.);
#1713=ORIENTED_EDGE('',*,*,#1296,.F.);
#1714=ORIENTED_EDGE('',*,*,#1275,.T.);
#1715=ORIENTED_EDGE('',*,*,#1298,.F.);
#1716=ORIENTED_EDGE('',*,*,#1299,.F.);
#1717=ORIENTED_EDGE('',*,*,#1288,.F.);
#1718=ORIENTED_EDGE('',*,*,#1281,.T.);
#1719=ORIENTED_EDGE('',*,*,#1292,.F.);
#1720=ORIENTED_EDGE('',*,*,#1250,.T.);
#1721=ORIENTED_EDGE('',*,*,#1300,.F.);
#1722=ORIENTED_EDGE('',*,*,#1195,.F.);
#1723=ORIENTED_EDGE('',*,*,#1301,.T.);
#1724=ORIENTED_EDGE('',*,*,#1255,.T.);
#1725=ORIENTED_EDGE('',*,*,#1253,.T.);
#1726=ORIENTED_EDGE('',*,*,#1234,.T.);
#1727=ORIENTED_EDGE('',*,*,#1302,.T.);
#1728=ORIENTED_EDGE('',*,*,#1303,.T.);
#1729=ORIENTED_EDGE('',*,*,#1170,.F.);
#1730=ORIENTED_EDGE('',*,*,#1133,.T.);
#1731=ORIENTED_EDGE('',*,*,#1141,.T.);
#1732=ORIENTED_EDGE('',*,*,#1136,.T.);
#1733=ORIENTED_EDGE('',*,*,#1125,.T.);
#1734=ORIENTED_EDGE('',*,*,#1224,.T.);
#1735=ORIENTED_EDGE('',*,*,#1236,.T.);
#1736=ORIENTED_EDGE('',*,*,#1241,.T.);
#1737=ORIENTED_EDGE('',*,*,#1304,.T.);
#1738=ORIENTED_EDGE('',*,*,#1256,.T.);
#1739=ORIENTED_EDGE('',*,*,#1301,.F.);
#1740=ORIENTED_EDGE('',*,*,#1194,.F.);
#1741=ORIENTED_EDGE('',*,*,#1305,.F.);
#1742=ORIENTED_EDGE('',*,*,#1233,.T.);
#1743=ORIENTED_EDGE('',*,*,#1306,.F.);
#1744=ORIENTED_EDGE('',*,*,#1307,.F.);
#1745=ORIENTED_EDGE('',*,*,#1302,.F.);
#1746=ORIENTED_EDGE('',*,*,#1225,.T.);
#1747=ORIENTED_EDGE('',*,*,#1304,.F.);
#1748=ORIENTED_EDGE('',*,*,#1246,.T.);
#1749=ORIENTED_EDGE('',*,*,#1308,.F.);
#1750=ORIENTED_EDGE('',*,*,#1257,.T.);
#1751=ORIENTED_EDGE('',*,*,#1305,.T.);
#1752=ORIENTED_EDGE('',*,*,#1193,.F.);
#1753=ORIENTED_EDGE('',*,*,#1309,.T.);
#1754=ORIENTED_EDGE('',*,*,#1232,.T.);
#1755=ORIENTED_EDGE('',*,*,#1310,.T.);
#1756=ORIENTED_EDGE('',*,*,#1311,.T.);
#1757=ORIENTED_EDGE('',*,*,#1306,.T.);
#1758=ORIENTED_EDGE('',*,*,#1226,.T.);
#1759=ORIENTED_EDGE('',*,*,#1308,.T.);
#1760=ORIENTED_EDGE('',*,*,#1245,.T.);
#1761=ORIENTED_EDGE('',*,*,#1312,.T.);
#1762=ORIENTED_EDGE('',*,*,#1258,.T.);
#1763=ORIENTED_EDGE('',*,*,#1309,.F.);
#1764=ORIENTED_EDGE('',*,*,#1192,.F.);
#1765=ORIENTED_EDGE('',*,*,#1313,.F.);
#1766=ORIENTED_EDGE('',*,*,#1231,.T.);
#1767=ORIENTED_EDGE('',*,*,#1314,.F.);
#1768=ORIENTED_EDGE('',*,*,#1315,.F.);
#1769=ORIENTED_EDGE('',*,*,#1310,.F.);
#1770=ORIENTED_EDGE('',*,*,#1227,.T.);
#1771=ORIENTED_EDGE('',*,*,#1312,.F.);
#1772=ORIENTED_EDGE('',*,*,#1244,.T.);
#1773=ORIENTED_EDGE('',*,*,#1316,.F.);
#1774=ORIENTED_EDGE('',*,*,#1317,.F.);
#1775=ORIENTED_EDGE('',*,*,#1318,.F.);
#1776=ORIENTED_EDGE('',*,*,#1319,.F.);
#1777=ORIENTED_EDGE('',*,*,#1320,.F.);
#1778=ORIENTED_EDGE('',*,*,#1321,.F.);
#1779=ORIENTED_EDGE('',*,*,#1322,.F.);
#1780=ORIENTED_EDGE('',*,*,#1323,.F.);
#1781=ORIENTED_EDGE('',*,*,#1324,.F.);
#1782=ORIENTED_EDGE('',*,*,#1325,.F.);
#1783=ORIENTED_EDGE('',*,*,#1317,.T.);
#1784=ORIENTED_EDGE('',*,*,#1326,.F.);
#1785=ORIENTED_EDGE('',*,*,#1213,.F.);
#1786=ORIENTED_EDGE('',*,*,#1327,.T.);
#1787=ORIENTED_EDGE('',*,*,#1328,.F.);
#1788=ORIENTED_EDGE('',*,*,#1321,.T.);
#1789=ORIENTED_EDGE('',*,*,#1329,.F.);
#1790=ORIENTED_EDGE('',*,*,#1214,.F.);
#1791=ORIENTED_EDGE('',*,*,#1326,.T.);
#1792=ORIENTED_EDGE('',*,*,#1320,.T.);
#1793=ORIENTED_EDGE('',*,*,#1330,.F.);
#1794=ORIENTED_EDGE('',*,*,#1215,.F.);
#1795=ORIENTED_EDGE('',*,*,#1329,.T.);
#1796=ORIENTED_EDGE('',*,*,#1322,.T.);
#1797=ORIENTED_EDGE('',*,*,#1331,.F.);
#1798=ORIENTED_EDGE('',*,*,#1332,.F.);
#1799=ORIENTED_EDGE('',*,*,#1155,.F.);
#1800=ORIENTED_EDGE('',*,*,#1333,.T.);
#1801=ORIENTED_EDGE('',*,*,#1325,.T.);
#1802=ORIENTED_EDGE('',*,*,#1334,.T.);
#1803=ORIENTED_EDGE('',*,*,#1335,.T.);
#1804=ORIENTED_EDGE('',*,*,#1331,.T.);
#1805=ORIENTED_EDGE('',*,*,#1319,.T.);
#1806=ORIENTED_EDGE('',*,*,#1336,.F.);
#1807=ORIENTED_EDGE('',*,*,#1337,.F.);
#1808=ORIENTED_EDGE('',*,*,#1216,.F.);
#1809=ORIENTED_EDGE('',*,*,#1330,.T.);
#1810=ORIENTED_EDGE('',*,*,#1217,.F.);
#1811=ORIENTED_EDGE('',*,*,#1337,.T.);
#1812=ORIENTED_EDGE('',*,*,#1338,.F.);
#1813=ORIENTED_EDGE('',*,*,#1327,.F.);
#1814=ORIENTED_EDGE('',*,*,#1318,.T.);
#1815=ORIENTED_EDGE('',*,*,#1328,.T.);
#1816=ORIENTED_EDGE('',*,*,#1338,.T.);
#1817=ORIENTED_EDGE('',*,*,#1336,.T.);
#1818=ORIENTED_EDGE('',*,*,#1324,.T.);
#1819=ORIENTED_EDGE('',*,*,#1339,.F.);
#1820=ORIENTED_EDGE('',*,*,#1153,.F.);
#1821=ORIENTED_EDGE('',*,*,#1340,.T.);
#1822=ORIENTED_EDGE('',*,*,#1334,.F.);
#1823=ORIENTED_EDGE('',*,*,#1323,.T.);
#1824=ORIENTED_EDGE('',*,*,#1333,.F.);
#1825=ORIENTED_EDGE('',*,*,#1154,.F.);
#1826=ORIENTED_EDGE('',*,*,#1339,.T.);
#1827=ORIENTED_EDGE('',*,*,#1156,.F.);
#1828=ORIENTED_EDGE('',*,*,#1332,.T.);
#1829=ORIENTED_EDGE('',*,*,#1335,.F.);
#1830=ORIENTED_EDGE('',*,*,#1340,.F.);
#1831=ORIENTED_EDGE('',*,*,#1341,.F.);
#1832=ORIENTED_EDGE('',*,*,#1342,.T.);
#1833=ORIENTED_EDGE('',*,*,#1342,.F.);
#1834=ORIENTED_EDGE('',*,*,#1175,.F.);
#1835=ORIENTED_EDGE('',*,*,#1343,.T.);
#1836=ORIENTED_EDGE('',*,*,#1341,.T.);
#1837=ORIENTED_EDGE('',*,*,#1343,.F.);
#1838=ORIENTED_EDGE('',*,*,#1344,.F.);
#1839=ORIENTED_EDGE('',*,*,#1345,.T.);
#1840=ORIENTED_EDGE('',*,*,#1345,.F.);
#1841=ORIENTED_EDGE('',*,*,#1176,.F.);
#1842=ORIENTED_EDGE('',*,*,#1346,.T.);
#1843=ORIENTED_EDGE('',*,*,#1344,.T.);
#1844=ORIENTED_EDGE('',*,*,#1346,.F.);
#1845=ORIENTED_EDGE('',*,*,#1347,.F.);
#1846=ORIENTED_EDGE('',*,*,#1348,.T.);
#1847=ORIENTED_EDGE('',*,*,#1348,.F.);
#1848=ORIENTED_EDGE('',*,*,#1177,.F.);
#1849=ORIENTED_EDGE('',*,*,#1349,.T.);
#1850=ORIENTED_EDGE('',*,*,#1347,.T.);
#1851=ORIENTED_EDGE('',*,*,#1349,.F.);
#1852=ORIENTED_EDGE('',*,*,#1350,.F.);
#1853=ORIENTED_EDGE('',*,*,#1351,.T.);
#1854=ORIENTED_EDGE('',*,*,#1351,.F.);
#1855=ORIENTED_EDGE('',*,*,#1178,.F.);
#1856=ORIENTED_EDGE('',*,*,#1352,.T.);
#1857=ORIENTED_EDGE('',*,*,#1350,.T.);
#1858=ORIENTED_EDGE('',*,*,#1352,.F.);
#1859=ORIENTED_EDGE('',*,*,#1283,.T.);
#1860=ORIENTED_EDGE('',*,*,#1353,.F.);
#1861=ORIENTED_EDGE('',*,*,#1248,.T.);
#1862=ORIENTED_EDGE('',*,*,#1354,.F.);
#1863=ORIENTED_EDGE('',*,*,#1284,.T.);
#1864=ORIENTED_EDGE('',*,*,#1354,.T.);
#1865=ORIENTED_EDGE('',*,*,#1247,.T.);
#1866=ORIENTED_EDGE('',*,*,#1239,.T.);
#1867=ORIENTED_EDGE('',*,*,#1221,.T.);
#1868=ORIENTED_EDGE('',*,*,#1316,.T.);
#1869=ORIENTED_EDGE('',*,*,#1243,.T.);
#1870=ORIENTED_EDGE('',*,*,#1268,.T.);
#1871=ORIENTED_EDGE('',*,*,#1259,.T.);
#1872=ORIENTED_EDGE('',*,*,#1313,.T.);
#1873=ORIENTED_EDGE('',*,*,#1191,.F.);
#1874=ORIENTED_EDGE('',*,*,#1355,.F.);
#1875=ORIENTED_EDGE('',*,*,#1356,.T.);
#1876=ORIENTED_EDGE('',*,*,#1314,.T.);
#1877=ORIENTED_EDGE('',*,*,#1230,.T.);
#1878=ORIENTED_EDGE('',*,*,#1228,.T.);
#1879=ORIENTED_EDGE('',*,*,#1282,.T.);
#1880=ORIENTED_EDGE('',*,*,#1300,.T.);
#1881=ORIENTED_EDGE('',*,*,#1249,.T.);
#1882=ORIENTED_EDGE('',*,*,#1353,.T.);
#1883=ORIENTED_EDGE('',*,*,#1356,.F.);
#1884=ORIENTED_EDGE('',*,*,#1357,.F.);
#1885=ORIENTED_EDGE('',*,*,#1289,.T.);
#1886=ORIENTED_EDGE('',*,*,#1299,.T.);
#1887=ORIENTED_EDGE('',*,*,#1297,.F.);
#1888=ORIENTED_EDGE('',*,*,#1294,.T.);
#1889=ORIENTED_EDGE('',*,*,#1285,.T.);
#1890=ORIENTED_EDGE('',*,*,#1171,.F.);
#1891=ORIENTED_EDGE('',*,*,#1303,.F.);
#1892=ORIENTED_EDGE('',*,*,#1307,.T.);
#1893=ORIENTED_EDGE('',*,*,#1311,.F.);
#1894=ORIENTED_EDGE('',*,*,#1315,.T.);
#1895=ORIENTED_EDGE('',*,*,#1147,.F.);
#1896=ORIENTED_EDGE('',*,*,#1358,.T.);
#1897=ORIENTED_EDGE('',*,*,#1200,.F.);
#1898=ORIENTED_EDGE('',*,*,#1202,.T.);
#1899=ORIENTED_EDGE('',*,*,#1184,.F.);
#1900=ORIENTED_EDGE('',*,*,#1220,.F.);
#1901=ORIENTED_EDGE('',*,*,#1358,.F.);
#1902=ORIENTED_EDGE('',*,*,#1150,.F.);
#1903=ORIENTED_EDGE('',*,*,#1359,.F.);
#1904=ORIENTED_EDGE('',*,*,#1360,.F.);
#1905=ORIENTED_EDGE('',*,*,#1361,.F.);
#1906=ORIENTED_EDGE('',*,*,#1359,.T.);
#1907=ORIENTED_EDGE('',*,*,#1362,.T.);
#1908=ORIENTED_EDGE('',*,*,#1363,.T.);
#1909=ORIENTED_EDGE('',*,*,#1364,.T.);
#1910=ORIENTED_EDGE('',*,*,#1362,.F.);
#1911=ORIENTED_EDGE('',*,*,#1365,.T.);
#1912=ORIENTED_EDGE('',*,*,#1366,.F.);
#1913=ORIENTED_EDGE('',*,*,#1367,.T.);
#1914=ORIENTED_EDGE('',*,*,#1363,.F.);
#1915=ORIENTED_EDGE('',*,*,#1364,.F.);
#1916=ORIENTED_EDGE('',*,*,#1367,.F.);
#1917=ORIENTED_EDGE('',*,*,#1368,.F.);
#1918=ORIENTED_EDGE('',*,*,#1369,.T.);
#1919=ORIENTED_EDGE('',*,*,#1370,.T.);
#1920=ORIENTED_EDGE('',*,*,#1361,.T.);
#1921=ORIENTED_EDGE('',*,*,#1371,.T.);
#1922=ORIENTED_EDGE('',*,*,#1372,.T.);
#1923=ORIENTED_EDGE('',*,*,#1373,.T.);
#1924=ORIENTED_EDGE('',*,*,#1371,.F.);
#1925=ORIENTED_EDGE('',*,*,#1374,.T.);
#1926=ORIENTED_EDGE('',*,*,#1375,.F.);
#1927=ORIENTED_EDGE('',*,*,#1376,.T.);
#1928=ORIENTED_EDGE('',*,*,#1372,.F.);
#1929=ORIENTED_EDGE('',*,*,#1373,.F.);
#1930=ORIENTED_EDGE('',*,*,#1376,.F.);
#1931=ORIENTED_EDGE('',*,*,#1377,.F.);
#1932=ORIENTED_EDGE('',*,*,#1378,.T.);
#1933=ORIENTED_EDGE('',*,*,#1379,.T.);
#1934=ORIENTED_EDGE('',*,*,#1360,.T.);
#1935=ORIENTED_EDGE('',*,*,#1380,.T.);
#1936=ORIENTED_EDGE('',*,*,#1381,.T.);
#1937=ORIENTED_EDGE('',*,*,#1382,.T.);
#1938=ORIENTED_EDGE('',*,*,#1380,.F.);
#1939=ORIENTED_EDGE('',*,*,#1383,.T.);
#1940=ORIENTED_EDGE('',*,*,#1384,.F.);
#1941=ORIENTED_EDGE('',*,*,#1385,.T.);
#1942=ORIENTED_EDGE('',*,*,#1381,.F.);
#1943=ORIENTED_EDGE('',*,*,#1382,.F.);
#1944=ORIENTED_EDGE('',*,*,#1385,.F.);
#1945=ORIENTED_EDGE('',*,*,#1386,.F.);
#1946=ORIENTED_EDGE('',*,*,#1387,.T.);
#1947=ORIENTED_EDGE('',*,*,#1388,.T.);
#1948=ORIENTED_EDGE('',*,*,#1370,.F.);
#1949=ORIENTED_EDGE('',*,*,#1389,.F.);
#1950=ORIENTED_EDGE('',*,*,#1390,.F.);
#1951=ORIENTED_EDGE('',*,*,#1391,.F.);
#1952=ORIENTED_EDGE('',*,*,#1379,.F.);
#1953=ORIENTED_EDGE('',*,*,#1392,.F.);
#1954=ORIENTED_EDGE('',*,*,#1393,.F.);
#1955=ORIENTED_EDGE('',*,*,#1394,.F.);
#1956=ORIENTED_EDGE('',*,*,#1388,.F.);
#1957=ORIENTED_EDGE('',*,*,#1395,.F.);
#1958=ORIENTED_EDGE('',*,*,#1396,.F.);
#1959=ORIENTED_EDGE('',*,*,#1397,.F.);
#1960=ORIENTED_EDGE('',*,*,#1398,.F.);
#1961=ORIENTED_EDGE('',*,*,#1399,.T.);
#1962=ORIENTED_EDGE('',*,*,#1392,.T.);
#1963=ORIENTED_EDGE('',*,*,#1378,.F.);
#1964=ORIENTED_EDGE('',*,*,#1400,.F.);
#1965=ORIENTED_EDGE('',*,*,#1401,.T.);
#1966=ORIENTED_EDGE('',*,*,#1393,.T.);
#1967=ORIENTED_EDGE('',*,*,#1399,.F.);
#1968=ORIENTED_EDGE('',*,*,#1402,.F.);
#1969=ORIENTED_EDGE('',*,*,#1374,.F.);
#1970=ORIENTED_EDGE('',*,*,#1394,.T.);
#1971=ORIENTED_EDGE('',*,*,#1401,.F.);
#1972=ORIENTED_EDGE('',*,*,#1403,.F.);
#1973=ORIENTED_EDGE('',*,*,#1404,.T.);
#1974=ORIENTED_EDGE('',*,*,#1389,.T.);
#1975=ORIENTED_EDGE('',*,*,#1369,.F.);
#1976=ORIENTED_EDGE('',*,*,#1405,.F.);
#1977=ORIENTED_EDGE('',*,*,#1406,.T.);
#1978=ORIENTED_EDGE('',*,*,#1390,.T.);
#1979=ORIENTED_EDGE('',*,*,#1404,.F.);
#1980=ORIENTED_EDGE('',*,*,#1407,.F.);
#1981=ORIENTED_EDGE('',*,*,#1365,.F.);
#1982=ORIENTED_EDGE('',*,*,#1391,.T.);
#1983=ORIENTED_EDGE('',*,*,#1406,.F.);
#1984=ORIENTED_EDGE('',*,*,#1408,.F.);
#1985=ORIENTED_EDGE('',*,*,#1409,.T.);
#1986=ORIENTED_EDGE('',*,*,#1395,.T.);
#1987=ORIENTED_EDGE('',*,*,#1387,.F.);
#1988=ORIENTED_EDGE('',*,*,#1410,.F.);
#1989=ORIENTED_EDGE('',*,*,#1411,.T.);
#1990=ORIENTED_EDGE('',*,*,#1396,.T.);
#1991=ORIENTED_EDGE('',*,*,#1409,.F.);
#1992=ORIENTED_EDGE('',*,*,#1412,.F.);
#1993=ORIENTED_EDGE('',*,*,#1383,.F.);
#1994=ORIENTED_EDGE('',*,*,#1397,.T.);
#1995=ORIENTED_EDGE('',*,*,#1411,.F.);
#1996=ORIENTED_EDGE('',*,*,#1355,.T.);
#1997=ORIENTED_EDGE('',*,*,#1190,.F.);
#1998=ORIENTED_EDGE('',*,*,#1290,.T.);
#1999=ORIENTED_EDGE('',*,*,#1357,.T.);
#2000=ORIENTED_EDGE('',*,*,#1398,.T.);
#2001=ORIENTED_EDGE('',*,*,#1377,.T.);
#2002=ORIENTED_EDGE('',*,*,#1375,.T.);
#2003=ORIENTED_EDGE('',*,*,#1402,.T.);
#2004=ORIENTED_EDGE('',*,*,#1400,.T.);
#2005=ORIENTED_EDGE('',*,*,#1403,.T.);
#2006=ORIENTED_EDGE('',*,*,#1368,.T.);
#2007=ORIENTED_EDGE('',*,*,#1366,.T.);
#2008=ORIENTED_EDGE('',*,*,#1407,.T.);
#2009=ORIENTED_EDGE('',*,*,#1405,.T.);
#2010=ORIENTED_EDGE('',*,*,#1408,.T.);
#2011=ORIENTED_EDGE('',*,*,#1386,.T.);
#2012=ORIENTED_EDGE('',*,*,#1384,.T.);
#2013=ORIENTED_EDGE('',*,*,#1412,.T.);
#2014=ORIENTED_EDGE('',*,*,#1410,.T.);
#2015=CYLINDRICAL_SURFACE('',#2163,0.8115);
#2016=CYLINDRICAL_SURFACE('',#2167,0.8115);
#2017=CYLINDRICAL_SURFACE('',#2181,0.5);
#2018=CYLINDRICAL_SURFACE('',#2187,0.5);
#2019=CYLINDRICAL_SURFACE('',#2200,0.5);
#2020=CYLINDRICAL_SURFACE('',#2204,0.5);
#2021=CYLINDRICAL_SURFACE('',#2207,0.5);
#2022=CYLINDRICAL_SURFACE('',#2219,0.5);
#2023=CYLINDRICAL_SURFACE('',#2220,0.5);
#2024=CYLINDRICAL_SURFACE('',#2224,10.7409484438273);
#2025=CYLINDRICAL_SURFACE('',#2226,10.7409484438273);
#2026=CYLINDRICAL_SURFACE('',#2230,11.0000001639128);
#2027=CYLINDRICAL_SURFACE('',#2236,11.0000001639128);
#2028=CYLINDRICAL_SURFACE('',#2276,0.8115);
#2029=CYLINDRICAL_SURFACE('',#2279,0.8115);
#2030=CYLINDRICAL_SURFACE('',#2282,0.8115);
#2031=CYLINDRICAL_SURFACE('',#2285,0.8115);
#2032=CYLINDRICAL_SURFACE('',#2291,0.5);
#2033=CYLINDRICAL_SURFACE('',#2300,17.8562);
#2034=CYLINDRICAL_SURFACE('',#2308,17.8562);
#2035=CYLINDRICAL_SURFACE('',#2316,17.8562);
#2036=ADVANCED_FACE('',(#125),#2015,.F.);
#2037=ADVANCED_FACE('',(#126),#44,.F.);
#2038=ADVANCED_FACE('',(#127),#2016,.F.);
#2039=ADVANCED_FACE('',(#128),#45,.F.);
#2040=ADVANCED_FACE('',(#129,#26),#46,.F.);
#2041=ADVANCED_FACE('',(#130,#27),#47,.F.);
#2042=ADVANCED_FACE('',(#131),#48,.T.);
#2043=ADVANCED_FACE('',(#132),#49,.T.);
#2044=ADVANCED_FACE('',(#133),#50,.T.);
#2045=ADVANCED_FACE('',(#134),#51,.T.);
#2046=ADVANCED_FACE('',(#135),#52,.T.);
#2047=ADVANCED_FACE('',(#136),#53,.T.);
#2048=ADVANCED_FACE('',(#137),#54,.T.);
#2049=ADVANCED_FACE('',(#138),#55,.T.);
#2050=ADVANCED_FACE('',(#139),#2017,.T.);
#2051=ADVANCED_FACE('',(#140),#22,.T.);
#2052=ADVANCED_FACE('',(#141),#2018,.T.);
#2053=ADVANCED_FACE('',(#142,#28,#29),#56,.T.);
#2054=ADVANCED_FACE('',(#143,#30,#31,#32,#33),#57,.T.);
#2055=ADVANCED_FACE('',(#144),#2019,.T.);
#2056=ADVANCED_FACE('',(#145),#23,.T.);
#2057=ADVANCED_FACE('',(#146),#2020,.T.);
#2058=ADVANCED_FACE('',(#147),#58,.T.);
#2059=ADVANCED_FACE('',(#148),#2021,.T.);
#2060=ADVANCED_FACE('',(#149),#24,.T.);
#2061=ADVANCED_FACE('',(#150),#59,.T.);
#2062=ADVANCED_FACE('',(#151,#34,#35),#60,.T.);
#2063=ADVANCED_FACE('',(#152),#25,.T.);
#2064=ADVANCED_FACE('',(#153),#2022,.T.);
#2065=ADVANCED_FACE('',(#154),#2023,.T.);
#2066=ADVANCED_FACE('',(#155),#61,.F.);
#2067=ADVANCED_FACE('',(#156),#62,.F.);
#2068=ADVANCED_FACE('',(#157),#63,.F.);
#2069=ADVANCED_FACE('',(#158),#2024,.T.);
#2070=ADVANCED_FACE('',(#159),#2025,.T.);
#2071=ADVANCED_FACE('',(#160),#64,.F.);
#2072=ADVANCED_FACE('',(#161),#65,.F.);
#2073=ADVANCED_FACE('',(#162),#2026,.F.);
#2074=ADVANCED_FACE('',(#163),#66,.F.);
#2075=ADVANCED_FACE('',(#164),#67,.F.);
#2076=ADVANCED_FACE('',(#165),#68,.F.);
#2077=ADVANCED_FACE('',(#166),#69,.F.);
#2078=ADVANCED_FACE('',(#167),#2027,.F.);
#2079=ADVANCED_FACE('',(#168),#70,.F.);
#2080=ADVANCED_FACE('',(#169),#71,.F.);
#2081=ADVANCED_FACE('',(#170),#72,.F.);
#2082=ADVANCED_FACE('',(#171,#36),#73,.T.);
#2083=ADVANCED_FACE('',(#172),#74,.T.);
#2084=ADVANCED_FACE('',(#173),#75,.F.);
#2085=ADVANCED_FACE('',(#174),#76,.F.);
#2086=ADVANCED_FACE('',(#175),#77,.F.);
#2087=ADVANCED_FACE('',(#176),#78,.F.);
#2088=ADVANCED_FACE('',(#177),#79,.F.);
#2089=ADVANCED_FACE('',(#178),#80,.F.);
#2090=ADVANCED_FACE('',(#179),#81,.F.);
#2091=ADVANCED_FACE('',(#180,#37),#82,.T.);
#2092=ADVANCED_FACE('',(#181),#83,.T.);
#2093=ADVANCED_FACE('',(#182),#84,.F.);
#2094=ADVANCED_FACE('',(#183),#85,.F.);
#2095=ADVANCED_FACE('',(#184),#86,.F.);
#2096=ADVANCED_FACE('',(#185),#87,.F.);
#2097=ADVANCED_FACE('',(#186),#88,.F.);
#2098=ADVANCED_FACE('',(#187),#89,.F.);
#2099=ADVANCED_FACE('',(#188),#90,.F.);
#2100=ADVANCED_FACE('',(#189),#91,.F.);
#2101=ADVANCED_FACE('',(#190),#92,.F.);
#2102=ADVANCED_FACE('',(#191),#93,.F.);
#2103=ADVANCED_FACE('',(#192),#94,.F.);
#2104=ADVANCED_FACE('',(#193),#95,.T.);
#2105=ADVANCED_FACE('',(#194),#96,.T.);
#2106=ADVANCED_FACE('',(#195),#97,.T.);
#2107=ADVANCED_FACE('',(#196),#98,.T.);
#2108=ADVANCED_FACE('',(#197),#99,.T.);
#2109=ADVANCED_FACE('',(#198),#100,.T.);
#2110=ADVANCED_FACE('',(#199),#101,.T.);
#2111=ADVANCED_FACE('',(#200),#102,.T.);
#2112=ADVANCED_FACE('',(#201),#103,.T.);
#2113=ADVANCED_FACE('',(#202),#104,.T.);
#2114=ADVANCED_FACE('',(#203),#105,.T.);
#2115=ADVANCED_FACE('',(#204),#18,.F.);
#2116=ADVANCED_FACE('',(#205),#2028,.F.);
#2117=ADVANCED_FACE('',(#206),#19,.F.);
#2118=ADVANCED_FACE('',(#207),#2029,.F.);
#2119=ADVANCED_FACE('',(#208),#20,.F.);
#2120=ADVANCED_FACE('',(#209),#2030,.F.);
#2121=ADVANCED_FACE('',(#210),#21,.F.);
#2122=ADVANCED_FACE('',(#211),#2031,.F.);
#2123=ADVANCED_FACE('',(#212),#106,.F.);
#2124=ADVANCED_FACE('',(#213),#107,.T.);
#2125=ADVANCED_FACE('',(#214),#108,.T.);
#2126=ADVANCED_FACE('',(#215),#109,.F.);
#2127=ADVANCED_FACE('',(#216),#110,.T.);
#2128=ADVANCED_FACE('',(#217),#2032,.T.);
#2129=ADVANCED_FACE('',(#218,#38,#39,#40),#111,.T.);
#2130=ADVANCED_FACE('',(#219),#15,.T.);
#2131=ADVANCED_FACE('',(#220),#2033,.F.);
#2132=ADVANCED_FACE('',(#221),#16,.T.);
#2133=ADVANCED_FACE('',(#222),#2034,.F.);
#2134=ADVANCED_FACE('',(#223),#17,.T.);
#2135=ADVANCED_FACE('',(#224),#2035,.F.);
#2136=ADVANCED_FACE('',(#225),#112,.F.);
#2137=ADVANCED_FACE('',(#226),#113,.F.);
#2138=ADVANCED_FACE('',(#227),#114,.F.);
#2139=ADVANCED_FACE('',(#228),#115,.F.);
#2140=ADVANCED_FACE('',(#229),#116,.F.);
#2141=ADVANCED_FACE('',(#230),#117,.F.);
#2142=ADVANCED_FACE('',(#231),#118,.F.);
#2143=ADVANCED_FACE('',(#232),#119,.F.);
#2144=ADVANCED_FACE('',(#233),#120,.F.);
#2145=ADVANCED_FACE('',(#234),#121,.F.);
#2146=ADVANCED_FACE('',(#235),#122,.F.);
#2147=ADVANCED_FACE('',(#236),#123,.F.);
#2148=ADVANCED_FACE('',(#237,#41,#42,#43),#124,.F.);
#2149=CLOSED_SHELL('',(#2036,#2037,#2038,#2039,#2040,#2041,#2042,#2043,
#2044,#2045,#2046,#2047,#2048,#2049,#2050,#2051,#2052,#2053,#2054,#2055,
#2056,#2057,#2058,#2059,#2060,#2061,#2062,#2063,#2064,#2065,#2066,#2067,
#2068,#2069,#2070,#2071,#2072,#2073,#2074,#2075,#2076,#2077,#2078,#2079,
#2080,#2081,#2082,#2083,#2084,#2085,#2086,#2087,#2088,#2089,#2090,#2091,
#2092,#2093,#2094,#2095,#2096,#2097,#2098,#2099,#2100,#2101,#2102,#2103,
#2104,#2105,#2106,#2107,#2108,#2109,#2110,#2111,#2112,#2113,#2114,#2115,
#2116,#2117,#2118,#2119,#2120,#2121,#2122,#2123,#2124,#2125,#2126,#2127,
#2128,#2129,#2130,#2131,#2132,#2133,#2134,#2135,#2136,#2137,#2138,#2139,
#2140,#2141,#2142,#2143,#2144,#2145,#2146,#2147,#2148));
#2150=DERIVED_UNIT_ELEMENT(#2152,1.);
#2151=DERIVED_UNIT_ELEMENT(#3537,-3.);
#2152=(
MASS_UNIT()
NAMED_UNIT(*)
SI_UNIT(.KILO.,.GRAM.)
);
#2153=DERIVED_UNIT((#2150,#2151));
#2154=MEASURE_REPRESENTATION_ITEM('density measure',
POSITIVE_RATIO_MEASURE(7850.),#2153);
#2155=PROPERTY_DEFINITION_REPRESENTATION(#2160,#2157);
#2156=PROPERTY_DEFINITION_REPRESENTATION(#2161,#2158);
#2157=REPRESENTATION('material name',(#2159),#3534);
#2158=REPRESENTATION('density',(#2154),#3534);
#2159=DESCRIPTIVE_REPRESENTATION_ITEM('Steel','Steel');
#2160=PROPERTY_DEFINITION('material property','material name',#3544);
#2161=PROPERTY_DEFINITION('material property','density of part',#3544);
#2162=AXIS2_PLACEMENT_3D('',#2919,#2333,#2334);
#2163=AXIS2_PLACEMENT_3D('',#2920,#2335,#2336);
#2164=AXIS2_PLACEMENT_3D('',#2922,#2337,#2338);
#2165=AXIS2_PLACEMENT_3D('',#2925,#2340,#2341);
#2166=AXIS2_PLACEMENT_3D('',#2926,#2342,#2343);
#2167=AXIS2_PLACEMENT_3D('',#2927,#2344,#2345);
#2168=AXIS2_PLACEMENT_3D('',#2929,#2346,#2347);
#2169=AXIS2_PLACEMENT_3D('',#2932,#2349,#2350);
#2170=AXIS2_PLACEMENT_3D('',#2933,#2351,#2352);
#2171=AXIS2_PLACEMENT_3D('',#2934,#2353,#2354);
#2172=AXIS2_PLACEMENT_3D('',#2943,#2359,#2360);
#2173=AXIS2_PLACEMENT_3D('',#2952,#2365,#2366);
#2174=AXIS2_PLACEMENT_3D('',#2958,#2370,#2371);
#2175=AXIS2_PLACEMENT_3D('',#2962,#2374,#2375);
#2176=AXIS2_PLACEMENT_3D('',#2968,#2379,#2380);
#2177=AXIS2_PLACEMENT_3D('',#2972,#2383,#2384);
#2178=AXIS2_PLACEMENT_3D('',#2976,#2387,#2388);
#2179=AXIS2_PLACEMENT_3D('',#2980,#2391,#2392);
#2180=AXIS2_PLACEMENT_3D('',#2982,#2394,#2395);
#2181=AXIS2_PLACEMENT_3D('',#2984,#2397,#2398);
#2182=AXIS2_PLACEMENT_3D('',#2987,#2399,#2400);
#2183=AXIS2_PLACEMENT_3D('',#2991,#2402,#2403);
#2184=AXIS2_PLACEMENT_3D('',#2993,#2405,#2406);
#2185=AXIS2_PLACEMENT_3D('',#2995,#2407,#2408);
#2186=AXIS2_PLACEMENT_3D('',#2996,#2409,#2410);
#2187=AXIS2_PLACEMENT_3D('',#2997,#2411,#2412);
#2188=AXIS2_PLACEMENT_3D('',#3001,#2414,#2415);
#2189=AXIS2_PLACEMENT_3D('',#3003,#2417,#2418);
#2190=AXIS2_PLACEMENT_3D('',#3017,#2425,#2426);
#2191=AXIS2_PLACEMENT_3D('',#3025,#2430,#2431);
#2192=AXIS2_PLACEMENT_3D('',#3031,#2435,#2436);
#2193=AXIS2_PLACEMENT_3D('',#3035,#2438,#2439);
#2194=AXIS2_PLACEMENT_3D('',#3039,#2441,#2442);
#2195=AXIS2_PLACEMENT_3D('',#3050,#2448,#2449);
#2196=AXIS2_PLACEMENT_3D('',#3052,#2450,#2451);
#2197=AXIS2_PLACEMENT_3D('',#3054,#2452,#2453);
#2198=AXIS2_PLACEMENT_3D('',#3056,#2454,#2455);
#2199=AXIS2_PLACEMENT_3D('',#3058,#2456,#2457);
#2200=AXIS2_PLACEMENT_3D('',#3059,#2458,#2459);
#2201=AXIS2_PLACEMENT_3D('',#3062,#2461,#2462);
#2202=AXIS2_PLACEMENT_3D('',#3063,#2463,#2464);
#2203=AXIS2_PLACEMENT_3D('',#3064,#2465,#2466);
#2204=AXIS2_PLACEMENT_3D('',#3065,#2467,#2468);
#2205=AXIS2_PLACEMENT_3D('',#3069,#2470,#2471);
#2206=AXIS2_PLACEMENT_3D('',#3071,#2473,#2474);
#2207=AXIS2_PLACEMENT_3D('',#3094,#2487,#2488);
#2208=AXIS2_PLACEMENT_3D('',#3098,#2490,#2491);
#2209=AXIS2_PLACEMENT_3D('',#3100,#2493,#2494);
#2210=AXIS2_PLACEMENT_3D('',#3102,#2495,#2496);
#2211=AXIS2_PLACEMENT_3D('',#3103,#2497,#2498);
#2212=AXIS2_PLACEMENT_3D('',#3104,#2499,#2500);
#2213=AXIS2_PLACEMENT_3D('',#3106,#2502,#2503);
#2214=AXIS2_PLACEMENT_3D('',#3112,#2506,#2507);
#2215=AXIS2_PLACEMENT_3D('',#3120,#2511,#2512);
#2216=AXIS2_PLACEMENT_3D('',#3136,#2521,#2522);
#2217=AXIS2_PLACEMENT_3D('',#3137,#2523,#2524);
#2218=AXIS2_PLACEMENT_3D('',#3138,#2525,#2526);
#2219=AXIS2_PLACEMENT_3D('',#3139,#2527,#2528);
#2220=AXIS2_PLACEMENT_3D('',#3140,#2529,#2530);
#2221=AXIS2_PLACEMENT_3D('',#3142,#2532,#2533);
#2222=AXIS2_PLACEMENT_3D('',#3156,#2541,#2542);
#2223=AXIS2_PLACEMENT_3D('',#3160,#2545,#2546);
#2224=AXIS2_PLACEMENT_3D('',#3172,#2553,#2554);
#2225=AXIS2_PLACEMENT_3D('',#3174,#2555,#2556);
#2226=AXIS2_PLACEMENT_3D('',#3176,#2558,#2559);
#2227=AXIS2_PLACEMENT_3D('',#3180,#2561,#2562);
#2228=AXIS2_PLACEMENT_3D('',#3182,#2564,#2565);
#2229=AXIS2_PLACEMENT_3D('',#3194,#2572,#2573);
#2230=AXIS2_PLACEMENT_3D('',#3206,#2580,#2581);
#2231=AXIS2_PLACEMENT_3D('',#3208,#2582,#2583);
#2232=AXIS2_PLACEMENT_3D('',#3210,#2585,#2586);
#2233=AXIS2_PLACEMENT_3D('',#3222,#2593,#2594);
#2234=AXIS2_PLACEMENT_3D('',#3236,#2602,#2603);
#2235=AXIS2_PLACEMENT_3D('',#3238,#2605,#2606);
#2236=AXIS2_PLACEMENT_3D('',#3240,#2608,#2609);
#2237=AXIS2_PLACEMENT_3D('',#3242,#2610,#2611);
#2238=AXIS2_PLACEMENT_3D('',#3244,#2613,#2614);
#2239=AXIS2_PLACEMENT_3D('',#3256,#2621,#2622);
#2240=AXIS2_PLACEMENT_3D('',#3260,#2625,#2626);
#2241=AXIS2_PLACEMENT_3D('',#3270,#2632,#2633);
#2242=AXIS2_PLACEMENT_3D('',#3275,#2637,#2638);
#2243=AXIS2_PLACEMENT_3D('',#3283,#2644,#2645);
#2244=AXIS2_PLACEMENT_3D('',#3285,#2647,#2648);
#2245=AXIS2_PLACEMENT_3D('',#3289,#2651,#2652);
#2246=AXIS2_PLACEMENT_3D('',#3291,#2654,#2655);
#2247=AXIS2_PLACEMENT_3D('',#3295,#2658,#2659);
#2248=AXIS2_PLACEMENT_3D('',#3296,#2660,#2661);
#2249=AXIS2_PLACEMENT_3D('',#3298,#2663,#2664);
#2250=AXIS2_PLACEMENT_3D('',#3300,#2666,#2667);
#2251=AXIS2_PLACEMENT_3D('',#3305,#2671,#2672);
#2252=AXIS2_PLACEMENT_3D('',#3307,#2674,#2675);
#2253=AXIS2_PLACEMENT_3D('',#3309,#2677,#2678);
#2254=AXIS2_PLACEMENT_3D('',#3313,#2681,#2682);
#2255=AXIS2_PLACEMENT_3D('',#3315,#2684,#2685);
#2256=AXIS2_PLACEMENT_3D('',#3317,#2687,#2688);
#2257=AXIS2_PLACEMENT_3D('',#3321,#2691,#2692);
#2258=AXIS2_PLACEMENT_3D('',#3323,#2694,#2695);
#2259=AXIS2_PLACEMENT_3D('',#3325,#2697,#2698);
#2260=AXIS2_PLACEMENT_3D('',#3329,#2701,#2702);
#2261=AXIS2_PLACEMENT_3D('',#3331,#2704,#2705);
#2262=AXIS2_PLACEMENT_3D('',#3342,#2711,#2712);
#2263=AXIS2_PLACEMENT_3D('',#3351,#2717,#2718);
#2264=AXIS2_PLACEMENT_3D('',#3356,#2722,#2723);
#2265=AXIS2_PLACEMENT_3D('',#3358,#2725,#2726);
#2266=AXIS2_PLACEMENT_3D('',#3360,#2728,#2729);
#2267=AXIS2_PLACEMENT_3D('',#3365,#2733,#2734);
#2268=AXIS2_PLACEMENT_3D('',#3369,#2737,#2738);
#2269=AXIS2_PLACEMENT_3D('',#3373,#2741,#2742);
#2270=AXIS2_PLACEMENT_3D('',#3375,#2744,#2745);
#2271=AXIS2_PLACEMENT_3D('',#3376,#2746,#2747);
#2272=AXIS2_PLACEMENT_3D('',#3379,#2750,#2751);
#2273=AXIS2_PLACEMENT_3D('',#3380,#2752,#2753);
#2274=AXIS2_PLACEMENT_3D('',#3381,#2754,#2755);
#2275=AXIS2_PLACEMENT_3D('',#3383,#2756,#2757);
#2276=AXIS2_PLACEMENT_3D('',#3386,#2759,#2760);
#2277=AXIS2_PLACEMENT_3D('',#3388,#2762,#2763);
#2278=AXIS2_PLACEMENT_3D('',#3390,#2764,#2765);
#2279=AXIS2_PLACEMENT_3D('',#3393,#2767,#2768);
#2280=AXIS2_PLACEMENT_3D('',#3395,#2770,#2771);
#2281=AXIS2_PLACEMENT_3D('',#3397,#2772,#2773);
#2282=AXIS2_PLACEMENT_3D('',#3400,#2775,#2776);
#2283=AXIS2_PLACEMENT_3D('',#3402,#2778,#2779);
#2284=AXIS2_PLACEMENT_3D('',#3404,#2780,#2781);
#2285=AXIS2_PLACEMENT_3D('',#3407,#2783,#2784);
#2286=AXIS2_PLACEMENT_3D('',#3409,#2786,#2787);
#2287=AXIS2_PLACEMENT_3D('',#3412,#2790,#2791);
#2288=AXIS2_PLACEMENT_3D('',#3413,#2792,#2793);
#2289=AXIS2_PLACEMENT_3D('',#3417,#2796,#2797);
#2290=AXIS2_PLACEMENT_3D('',#3418,#2798,#2799);
#2291=AXIS2_PLACEMENT_3D('',#3420,#2801,#2802);
#2292=AXIS2_PLACEMENT_3D('',#3422,#2804,#2805);
#2293=AXIS2_PLACEMENT_3D('',#3424,#2806,#2807);
#2294=AXIS2_PLACEMENT_3D('',#3426,#2808,#2809);
#2295=AXIS2_PLACEMENT_3D('',#3428,#2810,#2811);
#2296=AXIS2_PLACEMENT_3D('',#3429,#2812,#2813);
#2297=AXIS2_PLACEMENT_3D('',#3431,#2814,#2815);
#2298=AXIS2_PLACEMENT_3D('',#3433,#2816,#2817);
#2299=AXIS2_PLACEMENT_3D('',#3434,#2818,#2819);
#2300=AXIS2_PLACEMENT_3D('',#3435,#2820,#2821);
#2301=AXIS2_PLACEMENT_3D('',#3440,#2823,#2824);
#2302=AXIS2_PLACEMENT_3D('',#3443,#2826,#2827);
#2303=AXIS2_PLACEMENT_3D('',#3446,#2829,#2830);
#2304=AXIS2_PLACEMENT_3D('',#3447,#2831,#2832);
#2305=AXIS2_PLACEMENT_3D('',#3449,#2833,#2834);
#2306=AXIS2_PLACEMENT_3D('',#3451,#2835,#2836);
#2307=AXIS2_PLACEMENT_3D('',#3452,#2837,#2838);
#2308=AXIS2_PLACEMENT_3D('',#3453,#2839,#2840);
#2309=AXIS2_PLACEMENT_3D('',#3458,#2842,#2843);
#2310=AXIS2_PLACEMENT_3D('',#3461,#2845,#2846);
#2311=AXIS2_PLACEMENT_3D('',#3464,#2848,#2849);
#2312=AXIS2_PLACEMENT_3D('',#3465,#2850,#2851);
#2313=AXIS2_PLACEMENT_3D('',#3467,#2852,#2853);
#2314=AXIS2_PLACEMENT_3D('',#3469,#2854,#2855);
#2315=AXIS2_PLACEMENT_3D('',#3470,#2856,#2857);
#2316=AXIS2_PLACEMENT_3D('',#3471,#2858,#2859);
#2317=AXIS2_PLACEMENT_3D('',#3476,#2861,#2862);
#2318=AXIS2_PLACEMENT_3D('',#3479,#2864,#2865);
#2319=AXIS2_PLACEMENT_3D('',#3482,#2867,#2868);
#2320=AXIS2_PLACEMENT_3D('',#3483,#2869,#2870);
#2321=AXIS2_PLACEMENT_3D('',#3489,#2874,#2875);
#2322=AXIS2_PLACEMENT_3D('',#3495,#2879,#2880);
#2323=AXIS2_PLACEMENT_3D('',#3501,#2884,#2885);
#2324=AXIS2_PLACEMENT_3D('',#3505,#2888,#2889);
#2325=AXIS2_PLACEMENT_3D('',#3509,#2892,#2893);
#2326=AXIS2_PLACEMENT_3D('',#3511,#2895,#2896);
#2327=AXIS2_PLACEMENT_3D('',#3515,#2899,#2900);
#2328=AXIS2_PLACEMENT_3D('',#3519,#2903,#2904);
#2329=AXIS2_PLACEMENT_3D('',#3521,#2906,#2907);
#2330=AXIS2_PLACEMENT_3D('',#3525,#2910,#2911);
#2331=AXIS2_PLACEMENT_3D('',#3529,#2914,#2915);
#2332=AXIS2_PLACEMENT_3D('',#3531,#2917,#2918);
#2333=DIRECTION('axis',(0.,0.,1.));
#2334=DIRECTION('refdir',(1.,0.,0.));
#2335=DIRECTION('center_axis',(0.,-1.,0.));
#2336=DIRECTION('ref_axis',(0.,0.,1.));
#2337=DIRECTION('center_axis',(0.,-1.,0.));
#2338=DIRECTION('ref_axis',(0.,0.,1.));
#2339=DIRECTION('',(0.,-1.,0.));
#2340=DIRECTION('center_axis',(0.,-1.,0.));
#2341=DIRECTION('ref_axis',(0.,0.,1.));
#2342=DIRECTION('center_axis',(0.,-1.,0.));
#2343=DIRECTION('ref_axis',(0.,0.,1.));
#2344=DIRECTION('center_axis',(0.,-1.,0.));
#2345=DIRECTION('ref_axis',(0.,0.,1.));
#2346=DIRECTION('center_axis',(0.,-1.,0.));
#2347=DIRECTION('ref_axis',(0.,0.,1.));
#2348=DIRECTION('',(0.,-1.,0.));
#2349=DIRECTION('center_axis',(0.,-1.,0.));
#2350=DIRECTION('ref_axis',(0.,0.,1.));
#2351=DIRECTION('center_axis',(0.,-1.,0.));
#2352=DIRECTION('ref_axis',(0.,0.,1.));
#2353=DIRECTION('center_axis',(0.,-1.,0.));
#2354=DIRECTION('ref_axis',(0.,0.,-1.));
#2355=DIRECTION('',(0.,0.,-1.));
#2356=DIRECTION('',(-1.,0.,0.));
#2357=DIRECTION('',(0.,0.,1.));
#2358=DIRECTION('',(1.,0.,0.));
#2359=DIRECTION('center_axis',(0.,-1.,0.));
#2360=DIRECTION('ref_axis',(0.,0.,-1.));
#2361=DIRECTION('',(-1.,0.,0.));
#2362=DIRECTION('',(0.,0.,1.));
#2363=DIRECTION('',(1.,0.,0.));
#2364=DIRECTION('',(-1.69117570165909E-16,0.,-1.));
#2365=DIRECTION('center_axis',(0.,0.,1.));
#2366=DIRECTION('ref_axis',(-1.,0.,0.));
#2367=DIRECTION('',(0.,-1.,0.));
#2368=DIRECTION('',(-1.,0.,0.));
#2369=DIRECTION('',(0.,-1.,0.));
#2370=DIRECTION('center_axis',(-1.,0.,0.));
#2371=DIRECTION('ref_axis',(0.,0.,-1.));
#2372=DIRECTION('',(0.,-1.,0.));
#2373=DIRECTION('',(0.,0.,-1.));
#2374=DIRECTION('center_axis',(0.,0.,-1.));
#2375=DIRECTION('ref_axis',(1.,0.,0.));
#2376=DIRECTION('',(0.,-1.,0.));
#2377=DIRECTION('',(1.,0.,0.));
#2378=DIRECTION('',(-1.08314440639522E-16,-1.,0.));
#2379=DIRECTION('center_axis',(1.,0.,0.));
#2380=DIRECTION('ref_axis',(0.,0.,1.));
#2381=DIRECTION('',(0.,-1.,0.));
#2382=DIRECTION('',(0.,0.,1.));
#2383=DIRECTION('center_axis',(0.,0.,1.));
#2384=DIRECTION('ref_axis',(-1.,0.,0.));
#2385=DIRECTION('',(1.08314440639522E-16,1.,0.));
#2386=DIRECTION('',(-1.,0.,0.));
#2387=DIRECTION('center_axis',(0.,0.,-1.));
#2388=DIRECTION('ref_axis',(1.,0.,0.));
#2389=DIRECTION('',(0.,1.,0.));
#2390=DIRECTION('',(1.,0.,0.));
#2391=DIRECTION('center_axis',(0.,-1.,0.));
#2392=DIRECTION('ref_axis',(0.,0.,-1.));
#2393=DIRECTION('',(0.,0.,-1.));
#2394=DIRECTION('center_axis',(0.,-1.,0.));
#2395=DIRECTION('ref_axis',(0.,0.,-1.));
#2396=DIRECTION('',(0.,0.,1.));
#2397=DIRECTION('center_axis',(0.,0.,1.));
#2398=DIRECTION('ref_axis',(0.707106781186554,-0.707106781186541,0.));
#2399=DIRECTION('center_axis',(0.,0.,1.));
#2400=DIRECTION('ref_axis',(0.707106781186554,-0.707106781186541,0.));
#2401=DIRECTION('',(0.,0.,1.));
#2402=DIRECTION('center_axis',(0.,0.,-1.));
#2403=DIRECTION('ref_axis',(1.,0.,0.));
#2404=DIRECTION('',(0.,0.,-1.));
#2405=DIRECTION('center_axis',(0.40824829046386,-0.40824829046386,-0.816496580927729));
#2406=DIRECTION('ref_axis',(0.577350269189626,-0.577350269189626,0.577350269189626));
#2407=DIRECTION('center_axis',(0.,-1.,0.));
#2408=DIRECTION('ref_axis',(0.707106781186549,0.,0.707106781186546));
#2409=DIRECTION('center_axis',(1.,0.,0.));
#2410=DIRECTION('ref_axis',(0.,-0.707106781186546,0.707106781186549));
#2411=DIRECTION('center_axis',(0.,1.,0.));
#2412=DIRECTION('ref_axis',(0.707106781186552,0.,0.707106781186543));
#2413=DIRECTION('',(0.,1.,0.));
#2414=DIRECTION('center_axis',(0.,1.,0.));
#2415=DIRECTION('ref_axis',(0.707106781186549,0.,0.707106781186546));
#2416=DIRECTION('',(0.,-1.,0.));
#2417=DIRECTION('center_axis',(1.,0.,0.));
#2418=DIRECTION('ref_axis',(0.,1.,0.));
#2419=DIRECTION('',(0.,-1.,0.));
#2420=DIRECTION('',(0.,0.,-1.));
#2421=DIRECTION('',(0.,0.,-1.));
#2422=DIRECTION('',(0.,-1.,0.));
#2423=DIRECTION('',(0.,0.,1.));
#2424=DIRECTION('',(0.,1.,0.));
#2425=DIRECTION('center_axis',(-1.,0.,0.));
#2426=DIRECTION('ref_axis',(0.,1.,0.));
#2427=DIRECTION('',(0.,0.,1.));
#2428=DIRECTION('',(0.,1.,0.));
#2429=DIRECTION('',(0.,0.,-1.));
#2430=DIRECTION('center_axis',(1.,0.,0.));
#2431=DIRECTION('ref_axis',(0.,1.,0.));
#2432=DIRECTION('',(0.,0.,1.));
#2433=DIRECTION('',(0.,1.,0.));
#2434=DIRECTION('',(0.,0.,-1.));
#2435=DIRECTION('center_axis',(0.,0.,-1.));
#2436=DIRECTION('ref_axis',(-1.,0.,0.));
#2437=DIRECTION('',(-1.,0.,0.));
#2438=DIRECTION('center_axis',(0.,0.,1.));
#2439=DIRECTION('ref_axis',(-0.707106781186548,-0.707106781186548,0.));
#2440=DIRECTION('',(0.,1.,0.));
#2441=DIRECTION('center_axis',(0.,0.,1.));
#2442=DIRECTION('ref_axis',(-0.707106781186548,0.707106781186548,0.));
#2443=DIRECTION('',(1.,0.,0.));
#2444=DIRECTION('',(-1.08314440639522E-16,-1.,0.));
#2445=DIRECTION('',(1.,0.,0.));
#2446=DIRECTION('',(0.,1.,0.));
#2447=DIRECTION('',(1.,0.,0.));
#2448=DIRECTION('center_axis',(0.,0.,1.));
#2449=DIRECTION('ref_axis',(0.707106781186554,0.707106781186541,0.));
#2450=DIRECTION('center_axis',(0.,0.,1.));
#2451=DIRECTION('ref_axis',(-1.,0.,0.));
#2452=DIRECTION('center_axis',(0.,0.,1.));
#2453=DIRECTION('ref_axis',(-1.,0.,0.));
#2454=DIRECTION('center_axis',(0.,0.,1.));
#2455=DIRECTION('ref_axis',(-1.,0.,0.));
#2456=DIRECTION('center_axis',(0.,0.,1.));
#2457=DIRECTION('ref_axis',(-1.,0.,0.));
#2458=DIRECTION('center_axis',(0.,0.,1.));
#2459=DIRECTION('ref_axis',(0.707106781186554,0.707106781186541,0.));
#2460=DIRECTION('',(0.,0.,1.));
#2461=DIRECTION('center_axis',(0.,0.,-1.));
#2462=DIRECTION('ref_axis',(0.,1.,0.));
#2463=DIRECTION('center_axis',(0.408248290463861,0.408248290463861,-0.816496580927728));
#2464=DIRECTION('ref_axis',(0.577350269189627,0.57735026918962,0.577350269189631));
#2465=DIRECTION('center_axis',(1.,0.,0.));
#2466=DIRECTION('ref_axis',(0.,0.707106781186546,0.707106781186549));
#2467=DIRECTION('center_axis',(-1.,0.,0.));
#2468=DIRECTION('ref_axis',(0.,0.707106781186546,0.707106781186549));
#2469=DIRECTION('',(-1.,0.,0.));
#2470=DIRECTION('center_axis',(-1.,0.,0.));
#2471=DIRECTION('ref_axis',(0.,0.707106781186546,0.707106781186549));
#2472=DIRECTION('',(1.,0.,0.));
#2473=DIRECTION('center_axis',(0.,1.,0.));
#2474=DIRECTION('ref_axis',(-1.,0.,0.));
#2475=DIRECTION('',(0.,0.,-1.));
#2476=DIRECTION('',(1.,0.,0.));
#2477=DIRECTION('',(0.,0.,1.));
#2478=DIRECTION('',(-1.,0.,0.));
#2479=DIRECTION('',(0.,0.,-1.));
#2480=DIRECTION('',(-1.,0.,0.));
#2481=DIRECTION('',(0.,0.,-1.));
#2482=DIRECTION('',(-1.,0.,0.));
#2483=DIRECTION('',(0.,0.,-1.));
#2484=DIRECTION('',(1.,0.,0.));
#2485=DIRECTION('',(0.,0.,-1.));
#2486=DIRECTION('',(0.,0.,-1.));
#2487=DIRECTION('center_axis',(0.,0.,1.));
#2488=DIRECTION('ref_axis',(-0.707106781186548,-0.707106781186548,0.));
#2489=DIRECTION('',(0.,0.,1.));
#2490=DIRECTION('center_axis',(0.,0.,-1.));
#2491=DIRECTION('ref_axis',(0.,-1.,0.));
#2492=DIRECTION('',(0.,0.,-1.));
#2493=DIRECTION('center_axis',(0.40824829046386,-0.816496580927728,-0.408248290463862));
#2494=DIRECTION('ref_axis',(-0.577350269189623,-0.577350269189623,0.577350269189631));
#2495=DIRECTION('center_axis',(-1.,0.,0.));
#2496=DIRECTION('ref_axis',(0.,-0.707106781186546,0.707106781186549));
#2497=DIRECTION('center_axis',(0.,-1.,0.));
#2498=DIRECTION('ref_axis',(-0.707106781186546,0.,0.707106781186549));
#2499=DIRECTION('center_axis',(0.,-1.,0.));
#2500=DIRECTION('ref_axis',(1.,0.,0.));
#2501=DIRECTION('',(1.,0.,0.));
#2502=DIRECTION('center_axis',(-1.,0.,0.));
#2503=DIRECTION('ref_axis',(0.,-1.,0.));
#2504=DIRECTION('',(0.,-1.,0.));
#2505=DIRECTION('',(0.,0.,1.));
#2506=DIRECTION('center_axis',(1.,0.,0.));
#2507=DIRECTION('ref_axis',(0.,1.,0.));
#2508=DIRECTION('',(0.,0.,1.));
#2509=DIRECTION('',(0.,-1.,0.));
#2510=DIRECTION('',(0.,0.,-1.));
#2511=DIRECTION('center_axis',(-1.,0.,0.));
#2512=DIRECTION('ref_axis',(0.,1.,0.));
#2513=DIRECTION('',(0.,0.,1.));
#2514=DIRECTION('',(0.,-1.,0.));
#2515=DIRECTION('',(0.,0.,-1.));
#2516=DIRECTION('',(0.,0.,-1.));
#2517=DIRECTION('',(0.,1.,-1.49011611938477E-9));
#2518=DIRECTION('',(0.,1.,0.));
#2519=DIRECTION('',(0.,0.,1.));
#2520=DIRECTION('',(0.,-1.,0.));
#2521=DIRECTION('center_axis',(-0.408248290463861,0.408248290463861,-0.816496580927728));
#2522=DIRECTION('ref_axis',(-0.577350269189625,0.577350269189625,0.577350269189628));
#2523=DIRECTION('center_axis',(0.,0.,1.));
#2524=DIRECTION('ref_axis',(-8.88178419700128E-15,1.,0.));
#2525=DIRECTION('center_axis',(0.,1.,0.));
#2526=DIRECTION('ref_axis',(-0.707106781186546,0.,0.707106781186549));
#2527=DIRECTION('center_axis',(0.,0.,-1.));
#2528=DIRECTION('ref_axis',(-0.707106781186548,0.707106781186548,0.));
#2529=DIRECTION('center_axis',(0.,-1.,0.));
#2530=DIRECTION('ref_axis',(-0.707106781186546,0.,0.707106781186549));
#2531=DIRECTION('',(0.,1.,0.));
#2532=DIRECTION('center_axis',(0.,1.,0.));
#2533=DIRECTION('ref_axis',(0.,0.,1.));
#2534=DIRECTION('',(0.,0.,-1.));
#2535=DIRECTION('',(1.,0.,0.));
#2536=DIRECTION('',(1.,0.,0.));
#2537=DIRECTION('',(0.,0.,-1.));
#2538=DIRECTION('',(1.,0.,0.));
#2539=DIRECTION('',(0.,0.,-1.));
#2540=DIRECTION('',(-1.,0.,0.));
#2541=DIRECTION('center_axis',(0.,0.,1.));
#2542=DIRECTION('ref_axis',(0.,-1.,0.));
#2543=DIRECTION('',(1.08314440639522E-16,1.,0.));
#2544=DIRECTION('',(1.,0.,0.));
#2545=DIRECTION('center_axis',(0.,-1.,0.));
#2546=DIRECTION('ref_axis',(0.,0.,-1.));
#2547=DIRECTION('',(0.,0.,1.));
#2548=DIRECTION('',(1.,0.,0.));
#2549=DIRECTION('',(0.,0.,1.));
#2550=DIRECTION('',(-1.,0.,0.));
#2551=DIRECTION('',(0.,0.,1.));
#2552=DIRECTION('',(1.,0.,0.));
#2553=DIRECTION('center_axis',(1.,0.,0.));
#2554=DIRECTION('ref_axis',(0.,1.,0.));
#2555=DIRECTION('center_axis',(1.,-1.08314440639522E-16,0.));
#2556=DIRECTION('ref_axis',(0.,1.,0.));
#2557=DIRECTION('',(1.,0.,0.));
#2558=DIRECTION('center_axis',(1.,0.,0.));
#2559=DIRECTION('ref_axis',(0.,1.,0.));
#2560=DIRECTION('',(1.,0.,0.));
#2561=DIRECTION('center_axis',(-1.,0.,0.));
#2562=DIRECTION('ref_axis',(0.,1.,0.));
#2563=DIRECTION('',(1.,0.,0.));
#2564=DIRECTION('center_axis',(0.,-1.,0.));
#2565=DIRECTION('ref_axis',(0.,0.,-1.));
#2566=DIRECTION('',(0.,0.,1.));
#2567=DIRECTION('',(1.,0.,0.));
#2568=DIRECTION('',(0.,0.,1.));
#2569=DIRECTION('',(1.,0.,0.));
#2570=DIRECTION('',(0.,0.,1.));
#2571=DIRECTION('',(-1.,0.,0.));
#2572=DIRECTION('center_axis',(0.,-1.,0.));
#2573=DIRECTION('ref_axis',(0.,0.,-1.));
#2574=DIRECTION('',(0.,0.,-1.));
#2575=DIRECTION('',(-1.,0.,0.));
#2576=DIRECTION('',(0.,0.,-1.));
#2577=DIRECTION('',(1.,0.,0.));
#2578=DIRECTION('',(0.,0.,-1.));
#2579=DIRECTION('',(1.,0.,0.));
#2580=DIRECTION('center_axis',(1.,0.,0.));
#2581=DIRECTION('ref_axis',(0.,1.,0.));
#2582=DIRECTION('center_axis',(-1.,1.08314440639522E-16,0.));
#2583=DIRECTION('ref_axis',(0.,1.,0.));
#2584=DIRECTION('',(1.,0.,0.));
#2585=DIRECTION('center_axis',(0.,1.,0.));
#2586=DIRECTION('ref_axis',(0.,0.,1.));
#2587=DIRECTION('',(0.,0.,-1.));
#2588=DIRECTION('',(1.,0.,0.));
#2589=DIRECTION('',(0.,0.,-1.));
#2590=DIRECTION('',(-1.,0.,0.));
#2591=DIRECTION('',(0.,0.,-1.));
#2592=DIRECTION('',(1.,0.,0.));
#2593=DIRECTION('center_axis',(0.,1.,0.));
#2594=DIRECTION('ref_axis',(0.,0.,1.));
#2595=DIRECTION('',(1.,0.,0.));
#2596=DIRECTION('',(0.,0.,1.));
#2597=DIRECTION('',(-1.,0.,0.));
#2598=DIRECTION('',(0.,0.,1.));
#2599=DIRECTION('',(1.,0.,0.));
#2600=DIRECTION('',(0.,0.,1.));
#2601=DIRECTION('',(1.,0.,0.));
#2602=DIRECTION('center_axis',(0.,0.,1.));
#2603=DIRECTION('ref_axis',(0.,-1.,0.));
#2604=DIRECTION('',(1.08314440639522E-16,1.,0.));
#2605=DIRECTION('center_axis',(0.,0.,1.));
#2606=DIRECTION('ref_axis',(0.,-1.,0.));
#2607=DIRECTION('',(0.,-1.,0.));
#2608=DIRECTION('center_axis',(1.,0.,0.));
#2609=DIRECTION('ref_axis',(0.,1.,0.));
#2610=DIRECTION('center_axis',(1.,0.,0.));
#2611=DIRECTION('ref_axis',(0.,1.,0.));
#2612=DIRECTION('',(1.,0.,0.));
#2613=DIRECTION('center_axis',(0.,-1.,0.));
#2614=DIRECTION('ref_axis',(0.,0.,-1.));
#2615=DIRECTION('',(0.,0.,-1.));
#2616=DIRECTION('',(-1.,0.,0.));
#2617=DIRECTION('',(0.,0.,-1.));
#2618=DIRECTION('',(1.,0.,0.));
#2619=DIRECTION('',(0.,0.,-1.));
#2620=DIRECTION('',(1.,0.,0.));
#2621=DIRECTION('center_axis',(0.,0.,1.));
#2622=DIRECTION('ref_axis',(0.,-1.,0.));
#2623=DIRECTION('',(0.,-1.,0.));
#2624=DIRECTION('',(1.,0.,0.));
#2625=DIRECTION('center_axis',(0.,1.,0.));
#2626=DIRECTION('ref_axis',(0.,0.,1.));
#2627=DIRECTION('',(0.,0.,1.));
#2628=DIRECTION('',(-1.,0.,0.));
#2629=DIRECTION('',(0.,0.,1.));
#2630=DIRECTION('',(1.,0.,0.));
#2631=DIRECTION('',(0.,0.,1.));
#2632=DIRECTION('center_axis',(-1.,0.,0.));
#2633=DIRECTION('ref_axis',(0.,1.,0.));
#2634=DIRECTION('',(0.,0.,-1.));
#2635=DIRECTION('',(0.,1.,0.));
#2636=DIRECTION('',(0.,1.,0.));
#2637=DIRECTION('center_axis',(-1.,0.,0.));
#2638=DIRECTION('ref_axis',(0.,1.,0.));
#2639=DIRECTION('',(0.,-1.,0.));
#2640=DIRECTION('',(0.,0.,-1.));
#2641=DIRECTION('',(0.,-1.,0.));
#2642=DIRECTION('',(0.,-1.,0.));
#2643=DIRECTION('',(0.,-1.,0.));
#2644=DIRECTION('center_axis',(0.,0.,-1.));
#2645=DIRECTION('ref_axis',(-1.,0.,0.));
#2646=DIRECTION('',(0.,-1.,0.));
#2647=DIRECTION('center_axis',(0.,0.,-1.));
#2648=DIRECTION('ref_axis',(-1.,0.,0.));
#2649=DIRECTION('',(-1.,0.,0.));
#2650=DIRECTION('',(0.,-1.,0.));
#2651=DIRECTION('center_axis',(1.,0.,0.));
#2652=DIRECTION('ref_axis',(0.,-1.,0.));
#2653=DIRECTION('',(0.,1.,0.));
#2654=DIRECTION('center_axis',(1.,0.,0.));
#2655=DIRECTION('ref_axis',(0.,-1.,0.));
#2656=DIRECTION('',(0.,0.,1.));
#2657=DIRECTION('',(0.,1.,0.));
#2658=DIRECTION('center_axis',(0.,0.,1.));
#2659=DIRECTION('ref_axis',(1.,0.,0.));
#2660=DIRECTION('center_axis',(0.,0.,1.));
#2661=DIRECTION('ref_axis',(1.,0.,0.));
#2662=DIRECTION('',(1.,0.,0.));
#2663=DIRECTION('center_axis',(0.,0.,1.));
#2664=DIRECTION('ref_axis',(1.,0.,0.));
#2665=DIRECTION('',(0.,1.,0.));
#2666=DIRECTION('center_axis',(1.,-1.08314440639522E-16,0.));
#2667=DIRECTION('ref_axis',(-1.08314440639522E-16,-1.,0.));
#2668=DIRECTION('',(-1.08314440639522E-16,-1.,0.));
#2669=DIRECTION('',(-1.08314440639522E-16,-1.,0.));
#2670=DIRECTION('',(0.,0.,-1.));
#2671=DIRECTION('center_axis',(1.,-1.08314440639522E-16,0.));
#2672=DIRECTION('ref_axis',(-1.08314440639522E-16,-1.,0.));
#2673=DIRECTION('',(-1.08314440639522E-16,-1.,0.));
#2674=DIRECTION('center_axis',(0.,0.,-1.));
#2675=DIRECTION('ref_axis',(-1.,0.,0.));
#2676=DIRECTION('',(0.,1.,0.));
#2677=DIRECTION('center_axis',(0.,0.,-1.));
#2678=DIRECTION('ref_axis',(-1.,0.,0.));
#2679=DIRECTION('',(0.,1.,0.));
#2680=DIRECTION('',(-1.,0.,0.));
#2681=DIRECTION('center_axis',(0.,0.,-1.));
#2682=DIRECTION('ref_axis',(-1.,0.,0.));
#2683=DIRECTION('',(0.,1.,0.));
#2684=DIRECTION('center_axis',(-1.,0.,0.));
#2685=DIRECTION('ref_axis',(0.,1.,0.));
#2686=DIRECTION('',(0.,-1.,0.));
#2687=DIRECTION('center_axis',(-1.,0.,0.));
#2688=DIRECTION('ref_axis',(0.,1.,0.));
#2689=DIRECTION('',(0.,-1.,0.));
#2690=DIRECTION('',(0.,0.,-1.));
#2691=DIRECTION('center_axis',(-1.,0.,0.));
#2692=DIRECTION('ref_axis',(0.,1.,0.));
#2693=DIRECTION('',(0.,-1.,0.));
#2694=DIRECTION('center_axis',(0.,0.,1.));
#2695=DIRECTION('ref_axis',(1.,0.,0.));
#2696=DIRECTION('',(1.08314440639522E-16,1.,0.));
#2697=DIRECTION('center_axis',(0.,0.,1.));
#2698=DIRECTION('ref_axis',(1.,0.,0.));
#2699=DIRECTION('',(1.08314440639522E-16,1.,0.));
#2700=DIRECTION('',(1.,0.,0.));
#2701=DIRECTION('center_axis',(0.,0.,1.));
#2702=DIRECTION('ref_axis',(1.,0.,0.));
#2703=DIRECTION('',(1.08314440639522E-16,1.,0.));
#2704=DIRECTION('center_axis',(0.617375071905361,0.,0.786668939637158));
#2705=DIRECTION('ref_axis',(-0.786668939637158,0.,0.617375071905361));
#2706=DIRECTION('',(0.786668939637158,0.,-0.617375071905361));
#2707=DIRECTION('',(0.,-1.,0.));
#2708=DIRECTION('',(-0.786668939637158,0.,0.617375071905361));
#2709=DIRECTION('',(0.,1.,0.));
#2710=DIRECTION('',(1.89872918573613E-9,1.,-1.49011611938477E-9));
#2711=DIRECTION('center_axis',(-0.61855613754246,0.,0.785740609048911));
#2712=DIRECTION('ref_axis',(-0.785740609048911,0.,-0.61855613754246));
#2713=DIRECTION('',(0.785740609048911,0.,0.61855613754246));
#2714=DIRECTION('',(0.,-1.,0.));
#2715=DIRECTION('',(-0.785740609048911,0.,-0.61855613754246));
#2716=DIRECTION('',(0.,1.,0.));
#2717=DIRECTION('center_axis',(0.,-1.,0.));
#2718=DIRECTION('ref_axis',(0.,0.,1.));
#2719=DIRECTION('',(-1.,0.,0.));
#2720=DIRECTION('',(-1.,0.,0.));
#2721=DIRECTION('',(0.,0.,1.));
#2722=DIRECTION('center_axis',(0.,-1.49011611938477E-9,-1.));
#2723=DIRECTION('ref_axis',(0.,-1.,1.49011611938477E-9));
#2724=DIRECTION('',(-1.,0.,0.));
#2725=DIRECTION('center_axis',(0.,0.,-1.));
#2726=DIRECTION('ref_axis',(0.,-1.,0.));
#2727=DIRECTION('',(-1.,0.,0.));
#2728=DIRECTION('center_axis',(0.,-1.,0.));
#2729=DIRECTION('ref_axis',(0.,0.,-1.));
#2730=DIRECTION('',(0.,0.,-1.));
#2731=DIRECTION('',(1.,0.,0.));
#2732=DIRECTION('',(1.,0.,0.));
#2733=DIRECTION('center_axis',(1.,0.,0.));
#2734=DIRECTION('ref_axis',(0.,0.,-1.));
#2735=DIRECTION('',(0.,0.,1.));
#2736=DIRECTION('',(0.,-1.,0.));
#2737=DIRECTION('center_axis',(0.,1.,0.));
#2738=DIRECTION('ref_axis',(0.,0.,-1.));
#2739=DIRECTION('',(0.,0.,-1.));
#2740=DIRECTION('',(-1.,0.,0.));
#2741=DIRECTION('center_axis',(0.,0.,1.));
#2742=DIRECTION('ref_axis',(0.,1.,0.));
#2743=DIRECTION('',(0.,1.,0.));
#2744=DIRECTION('center_axis',(-1.,0.,0.));
#2745=DIRECTION('ref_axis',(0.,0.,1.));
#2746=DIRECTION('center_axis',(0.,1.,0.));
#2747=DIRECTION('ref_axis',(0.,0.,1.));
#2748=DIRECTION('',(1.,0.,0.));
#2749=DIRECTION('',(1.,0.,0.));
#2750=DIRECTION('center_axis',(0.,0.,-1.));
#2751=DIRECTION('ref_axis',(0.,1.,0.));
#2752=DIRECTION('center_axis',(0.,0.,1.));
#2753=DIRECTION('ref_axis',(0.,-1.,0.));
#2754=DIRECTION('center_axis',(0.,0.,-1.));
#2755=DIRECTION('ref_axis',(-1.,0.,0.));
#2756=DIRECTION('center_axis',(0.,0.,1.));
#2757=DIRECTION('ref_axis',(-1.,0.,0.));
#2758=DIRECTION('',(-0.857167300702112,-1.04972719113862E-16,0.515038074910054));
#2759=DIRECTION('center_axis',(0.,0.,1.));
#2760=DIRECTION('ref_axis',(-1.,0.,0.));
#2761=DIRECTION('',(0.,0.,1.));
#2762=DIRECTION('center_axis',(0.,0.,-1.));
#2763=DIRECTION('ref_axis',(-1.,0.,0.));
#2764=DIRECTION('center_axis',(0.,0.,1.));
#2765=DIRECTION('ref_axis',(-1.,0.,0.));
#2766=DIRECTION('',(-0.857167300702112,-1.04972719113862E-16,0.515038074910054));
#2767=DIRECTION('center_axis',(0.,0.,1.));
#2768=DIRECTION('ref_axis',(-1.,0.,0.));
#2769=DIRECTION('',(0.,0.,1.));
#2770=DIRECTION('center_axis',(0.,0.,-1.));
#2771=DIRECTION('ref_axis',(-1.,0.,0.));
#2772=DIRECTION('center_axis',(0.,0.,1.));
#2773=DIRECTION('ref_axis',(-1.,0.,0.));
#2774=DIRECTION('',(-0.857167300702112,-1.04972719113862E-16,0.515038074910054));
#2775=DIRECTION('center_axis',(0.,0.,1.));
#2776=DIRECTION('ref_axis',(-1.,0.,0.));
#2777=DIRECTION('',(0.,0.,1.));
#2778=DIRECTION('center_axis',(0.,0.,-1.));
#2779=DIRECTION('ref_axis',(-1.,0.,0.));
#2780=DIRECTION('center_axis',(0.,0.,1.));
#2781=DIRECTION('ref_axis',(-1.,0.,0.));
#2782=DIRECTION('',(-0.857167300702112,-1.04972719113862E-16,0.515038074910054));
#2783=DIRECTION('center_axis',(0.,0.,1.));
#2784=DIRECTION('ref_axis',(-1.,0.,0.));
#2785=DIRECTION('',(0.,0.,1.));
#2786=DIRECTION('center_axis',(0.,0.,-1.));
#2787=DIRECTION('ref_axis',(-1.,0.,0.));
#2788=DIRECTION('',(0.,-1.,0.));
#2789=DIRECTION('',(0.,1.,0.));
#2790=DIRECTION('center_axis',(-1.,0.,0.));
#2791=DIRECTION('ref_axis',(0.,1.,0.));
#2792=DIRECTION('center_axis',(1.,-1.08314440639522E-16,0.));
#2793=DIRECTION('ref_axis',(-1.08314440639522E-16,-1.,0.));
#2794=DIRECTION('',(1.08314440639522E-16,1.,0.));
#2795=DIRECTION('',(0.,0.,-1.));
#2796=DIRECTION('center_axis',(1.,0.,0.));
#2797=DIRECTION('ref_axis',(0.,-1.,0.));
#2798=DIRECTION('center_axis',(0.,1.,0.));
#2799=DIRECTION('ref_axis',(1.,0.,0.));
#2800=DIRECTION('',(-1.,0.,0.));
#2801=DIRECTION('center_axis',(1.,0.,0.));
#2802=DIRECTION('ref_axis',(0.,-0.707106781186546,0.707106781186549));
#2803=DIRECTION('',(-1.,0.,0.));
#2804=DIRECTION('center_axis',(0.,0.,1.));
#2805=DIRECTION('ref_axis',(1.,0.,0.));
#2806=DIRECTION('center_axis',(0.,0.,1.));
#2807=DIRECTION('ref_axis',(1.,0.,0.));
#2808=DIRECTION('center_axis',(0.,0.,1.));
#2809=DIRECTION('ref_axis',(1.,0.,0.));
#2810=DIRECTION('center_axis',(0.,0.,1.));
#2811=DIRECTION('ref_axis',(1.,0.,0.));
#2812=DIRECTION('center_axis',(0.,0.,-1.));
#2813=DIRECTION('ref_axis',(-1.,0.,0.));
#2814=DIRECTION('center_axis',(-1.25804625527875E-16,-1.,0.));
#2815=DIRECTION('ref_axis',(1.,-1.25804625527875E-16,0.));
#2816=DIRECTION('center_axis',(0.,0.,-1.));
#2817=DIRECTION('ref_axis',(1.,0.,0.));
#2818=DIRECTION('center_axis',(0.,0.,-1.));
#2819=DIRECTION('ref_axis',(1.,0.,0.));
#2820=DIRECTION('center_axis',(0.,0.,1.));
#2821=DIRECTION('ref_axis',(1.,0.,0.));
#2822=DIRECTION('',(0.,0.,-1.));
#2823=DIRECTION('center_axis',(0.,0.,1.));
#2824=DIRECTION('ref_axis',(1.,0.,0.));
#2825=DIRECTION('',(0.,0.,1.));
#2826=DIRECTION('center_axis',(0.,0.,1.));
#2827=DIRECTION('ref_axis',(1.,0.,0.));
#2828=DIRECTION('',(0.,0.,1.));
#2829=DIRECTION('center_axis',(0.,0.,-1.));
#2830=DIRECTION('ref_axis',(1.,0.,0.));
#2831=DIRECTION('center_axis',(0.,0.,-1.));
#2832=DIRECTION('ref_axis',(-1.,0.,0.));
#2833=DIRECTION('center_axis',(-1.25804625527876E-16,-1.,0.));
#2834=DIRECTION('ref_axis',(1.,-1.25804625527876E-16,0.));
#2835=DIRECTION('center_axis',(0.,0.,-1.));
#2836=DIRECTION('ref_axis',(1.,0.,0.));
#2837=DIRECTION('center_axis',(0.,0.,-1.));
#2838=DIRECTION('ref_axis',(1.,0.,0.));
#2839=DIRECTION('center_axis',(0.,0.,1.));
#2840=DIRECTION('ref_axis',(1.,0.,0.));
#2841=DIRECTION('',(0.,0.,-1.));
#2842=DIRECTION('center_axis',(0.,0.,1.));
#2843=DIRECTION('ref_axis',(1.,0.,0.));
#2844=DIRECTION('',(0.,0.,1.));
#2845=DIRECTION('center_axis',(0.,0.,1.));
#2846=DIRECTION('ref_axis',(1.,0.,0.));
#2847=DIRECTION('',(0.,0.,1.));
#2848=DIRECTION('center_axis',(0.,0.,-1.));
#2849=DIRECTION('ref_axis',(1.,0.,0.));
#2850=DIRECTION('center_axis',(0.,0.,-1.));
#2851=DIRECTION('ref_axis',(-1.,0.,0.));
#2852=DIRECTION('center_axis',(-1.25804625527876E-16,-1.,0.));
#2853=DIRECTION('ref_axis',(1.,-1.25804625527876E-16,0.));
#2854=DIRECTION('center_axis',(0.,0.,-1.));
#2855=DIRECTION('ref_axis',(1.,0.,0.));
#2856=DIRECTION('center_axis',(0.,0.,-1.));
#2857=DIRECTION('ref_axis',(1.,0.,0.));
#2858=DIRECTION('center_axis',(0.,0.,1.));
#2859=DIRECTION('ref_axis',(1.,0.,0.));
#2860=DIRECTION('',(0.,0.,-1.));
#2861=DIRECTION('center_axis',(0.,0.,1.));
#2862=DIRECTION('ref_axis',(1.,0.,0.));
#2863=DIRECTION('',(0.,0.,1.));
#2864=DIRECTION('center_axis',(0.,0.,1.));
#2865=DIRECTION('ref_axis',(1.,0.,0.));
#2866=DIRECTION('',(0.,0.,1.));
#2867=DIRECTION('center_axis',(0.,0.,-1.));
#2868=DIRECTION('ref_axis',(1.,0.,0.));
#2869=DIRECTION('center_axis',(0.,0.,1.));
#2870=DIRECTION('ref_axis',(1.,0.,0.));
#2871=DIRECTION('',(0.309637764828136,0.950854591718542,0.));
#2872=DIRECTION('',(1.,0.,0.));
#2873=DIRECTION('',(0.309637764828136,-0.950854591718542,0.));
#2874=DIRECTION('center_axis',(0.,0.,1.));
#2875=DIRECTION('ref_axis',(1.,0.,0.));
#2876=DIRECTION('',(0.309637764828136,0.950854591718542,0.));
#2877=DIRECTION('',(1.,0.,0.));
#2878=DIRECTION('',(0.309637764828136,-0.950854591718542,0.));
#2879=DIRECTION('center_axis',(0.,0.,1.));
#2880=DIRECTION('ref_axis',(1.,0.,0.));
#2881=DIRECTION('',(0.309637764828136,0.950854591718542,0.));
#2882=DIRECTION('',(1.,0.,0.));
#2883=DIRECTION('',(0.309637764828136,-0.950854591718542,0.));
#2884=DIRECTION('center_axis',(0.950854591718542,-0.309637764828136,0.));
#2885=DIRECTION('ref_axis',(0.309637764828136,0.950854591718542,0.));
#2886=DIRECTION('',(0.309637764828136,0.950854591718542,0.));
#2887=DIRECTION('',(0.,0.,1.));
#2888=DIRECTION('center_axis',(0.,-1.,0.));
#2889=DIRECTION('ref_axis',(1.,0.,0.));
#2890=DIRECTION('',(1.,0.,0.));
#2891=DIRECTION('',(0.,0.,1.));
#2892=DIRECTION('center_axis',(-0.950854591718542,-0.309637764828136,0.));
#2893=DIRECTION('ref_axis',(0.309637764828136,-0.950854591718542,0.));
#2894=DIRECTION('',(0.309637764828136,-0.950854591718542,0.));
#2895=DIRECTION('center_axis',(0.950854591718542,-0.309637764828136,0.));
#2896=DIRECTION('ref_axis',(0.309637764828136,0.950854591718542,0.));
#2897=DIRECTION('',(0.309637764828136,0.950854591718542,0.));
#2898=DIRECTION('',(0.,0.,1.));
#2899=DIRECTION('center_axis',(0.,-1.,0.));
#2900=DIRECTION('ref_axis',(1.,0.,0.));
#2901=DIRECTION('',(1.,0.,0.));
#2902=DIRECTION('',(0.,0.,1.));
#2903=DIRECTION('center_axis',(-0.950854591718542,-0.309637764828136,0.));
#2904=DIRECTION('ref_axis',(0.309637764828136,-0.950854591718542,0.));
#2905=DIRECTION('',(0.309637764828136,-0.950854591718542,0.));
#2906=DIRECTION('center_axis',(0.950854591718542,-0.309637764828136,0.));
#2907=DIRECTION('ref_axis',(0.309637764828136,0.950854591718542,0.));
#2908=DIRECTION('',(0.309637764828136,0.950854591718542,0.));
#2909=DIRECTION('',(0.,0.,1.));
#2910=DIRECTION('center_axis',(0.,-1.,0.));
#2911=DIRECTION('ref_axis',(1.,0.,0.));
#2912=DIRECTION('',(1.,0.,0.));
#2913=DIRECTION('',(0.,0.,1.));
#2914=DIRECTION('center_axis',(-0.950854591718542,-0.309637764828136,0.));
#2915=DIRECTION('ref_axis',(0.309637764828136,-0.950854591718542,0.));
#2916=DIRECTION('',(0.309637764828136,-0.950854591718542,0.));
#2917=DIRECTION('center_axis',(0.,0.,1.));
#2918=DIRECTION('ref_axis',(1.,0.,0.));
#2919=CARTESIAN_POINT('',(0.,0.,0.));
#2920=CARTESIAN_POINT('Origin',(-29.2021097308734,17.9997531180913,-15.9722997053123));
#2921=CARTESIAN_POINT('',(-29.2021097308734,19.1,-16.7837997053123));
#2922=CARTESIAN_POINT('Origin',(-29.2021097308734,19.1,-15.9722997053123));
#2923=CARTESIAN_POINT('',(-29.2021097308734,14.9997531180913,-16.7837997053123));
#2924=CARTESIAN_POINT('',(-29.2021097308734,17.9997531180913,-16.7837997053123));
#2925=CARTESIAN_POINT('Origin',(-29.2021097308734,14.9997531180913,-15.9722997053123));
#2926=CARTESIAN_POINT('Origin',(-29.2021097308734,14.9997531180913,-15.9722997053123));
#2927=CARTESIAN_POINT('Origin',(108.143265527458,17.9997531180909,-15.9648265591548));
#2928=CARTESIAN_POINT('',(108.143265527458,19.1,-16.7763265591548));
#2929=CARTESIAN_POINT('Origin',(108.143265527458,19.1,-15.9648265591548));
#2930=CARTESIAN_POINT('',(108.143265527458,14.9997531180909,-16.7763265591548));
#2931=CARTESIAN_POINT('',(108.143265527458,17.9997531180909,-16.7763265591548));
#2932=CARTESIAN_POINT('Origin',(108.143265527458,14.9997531180909,-15.9648265591548));
#2933=CARTESIAN_POINT('Origin',(108.143265527458,14.9997531180909,-15.9648265591548));
#2934=CARTESIAN_POINT('Origin',(108.000001609325,19.1,-16.0000002384186));
#2935=CARTESIAN_POINT('',(106.000001579523,19.1,-14.0000002086163));
#2936=CARTESIAN_POINT('',(106.000001579523,19.1,-18.0000002682209));
#2937=CARTESIAN_POINT('',(106.000001579523,19.1,-15.0000002235174));
#2938=CARTESIAN_POINT('',(110.000001639128,19.1,-14.0000002086163));
#2939=CARTESIAN_POINT('',(109.000001624227,19.1,-14.0000002086163));
#2940=CARTESIAN_POINT('',(110.000001639128,19.1,-18.0000002682209));
#2941=CARTESIAN_POINT('',(110.000001639128,19.1,-32.444));
#2942=CARTESIAN_POINT('',(107.000001594424,19.1,-18.0000002682209));
#2943=CARTESIAN_POINT('Origin',(-29.2600016093254,19.1,-16.0000002384186));
#2944=CARTESIAN_POINT('',(-27.2600015795231,19.1,-14.0000002086163));
#2945=CARTESIAN_POINT('',(-31.2600016391277,19.1,-14.0000002086163));
#2946=CARTESIAN_POINT('',(-28.2600015944243,19.1,-14.0000002086163));
#2947=CARTESIAN_POINT('',(-27.2600015795231,19.1,-18.0000002682209));
#2948=CARTESIAN_POINT('',(-27.2600015795231,19.1,-17.0000002533198));
#2949=CARTESIAN_POINT('',(-31.2600016391277,19.1,-18.0000002682209));
#2950=CARTESIAN_POINT('',(-30.2600016242266,19.1,-18.0000002682209));
#2951=CARTESIAN_POINT('',(-31.2600016391277,19.1,-6.1848));
#2952=CARTESIAN_POINT('Origin',(110.000001639128,21.,-14.0000002086163));
#2953=CARTESIAN_POINT('',(106.000001579523,13.,-14.0000002086163));
#2954=CARTESIAN_POINT('',(106.000001579523,21.,-14.0000002086163));
#2955=CARTESIAN_POINT('',(110.000001639128,13.,-14.0000002086163));
#2956=CARTESIAN_POINT('',(110.000001639128,13.,-14.0000002086163));
#2957=CARTESIAN_POINT('',(110.000001639128,0.499999850988391,-14.0000002086163));
#2958=CARTESIAN_POINT('Origin',(106.000001579523,21.,-14.0000002086163));
#2959=CARTESIAN_POINT('',(106.000001579523,13.,-18.0000002682209));
#2960=CARTESIAN_POINT('',(106.000001579523,21.,-18.0000002682209));
#2961=CARTESIAN_POINT('',(106.000001579523,13.,-14.0000002086163));
#2962=CARTESIAN_POINT('Origin',(-31.2600016391277,21.,-18.0000002682209));
#2963=CARTESIAN_POINT('',(-27.2600015795231,13.,-18.0000002682209));
#2964=CARTESIAN_POINT('',(-27.2600015795231,21.,-18.0000002682209));
#2965=CARTESIAN_POINT('',(-31.2600016391277,13.,-18.0000002682209));
#2966=CARTESIAN_POINT('',(-27.2600015795231,13.,-18.0000002682209));
#2967=CARTESIAN_POINT('',(-31.2600016391277,21.,-18.0000002682209));
#2968=CARTESIAN_POINT('Origin',(-27.2600015795231,21.,-18.0000002682209));
#2969=CARTESIAN_POINT('',(-27.2600015795231,13.,-14.0000002086163));
#2970=CARTESIAN_POINT('',(-27.2600015795231,21.,-14.0000002086163));
#2971=CARTESIAN_POINT('',(-27.2600015795231,13.,-14.0000002086163));
#2972=CARTESIAN_POINT('Origin',(-27.2600015795231,21.,-14.0000002086163));
#2973=CARTESIAN_POINT('',(-31.2600016391277,13.,-14.0000002086163));
#2974=CARTESIAN_POINT('',(-31.2600016391277,21.,-14.0000002086163));
#2975=CARTESIAN_POINT('',(-31.2600016391277,13.,-14.0000002086163));
#2976=CARTESIAN_POINT('Origin',(106.000001579523,21.,-18.0000002682209));
#2977=CARTESIAN_POINT('',(110.000001639128,13.,-18.0000002682209));
#2978=CARTESIAN_POINT('',(110.000001639128,0.499999850988391,-18.0000002682209));
#2979=CARTESIAN_POINT('',(106.000001579523,13.,-18.0000002682209));
#2980=CARTESIAN_POINT('Origin',(108.000001609325,13.,-16.0000002384186));
#2981=CARTESIAN_POINT('',(110.000001639128,13.,-6.22200011920929));
#2982=CARTESIAN_POINT('Origin',(-29.2600016093254,13.,-16.0000002384186));
#2983=CARTESIAN_POINT('',(-31.2600016391277,13.,-6.2220001192093));
#2984=CARTESIAN_POINT('Origin',(112.87,-20.5,3.556));
#2985=CARTESIAN_POINT('',(112.87,-21.,-32.444));
#2986=CARTESIAN_POINT('',(113.37,-20.5,-32.444));
#2987=CARTESIAN_POINT('Origin',(112.87,-20.5,-32.444));
#2988=CARTESIAN_POINT('',(113.37,-20.5,8.056));
#2989=CARTESIAN_POINT('',(113.37,-20.5,3.556));
#2990=CARTESIAN_POINT('',(112.87,-21.,8.056));
#2991=CARTESIAN_POINT('Origin',(112.87,-20.5,8.056));
#2992=CARTESIAN_POINT('',(112.87,-21.,3.556));
#2993=CARTESIAN_POINT('Origin',(112.87,-20.5,8.056));
#2994=CARTESIAN_POINT('',(112.87,-20.5,8.556));
#2995=CARTESIAN_POINT('Origin',(112.87,-20.5,8.056));
#2996=CARTESIAN_POINT('Origin',(112.87,-20.5,8.056));
#2997=CARTESIAN_POINT('Origin',(112.87,-10.5,8.056));
#2998=CARTESIAN_POINT('',(113.37,20.5,8.056));
#2999=CARTESIAN_POINT('',(113.37,-10.5,8.056));
#3000=CARTESIAN_POINT('',(112.87,20.5,8.556));
#3001=CARTESIAN_POINT('Origin',(112.87,20.5,8.056));
#3002=CARTESIAN_POINT('',(112.87,-10.5,8.556));
#3003=CARTESIAN_POINT('Origin',(113.37,-21.,3.556));
#3004=CARTESIAN_POINT('',(113.37,20.5,-32.444));
#3005=CARTESIAN_POINT('',(113.37,21.,-32.444));
#3006=CARTESIAN_POINT('',(113.37,20.5,3.556));
#3007=CARTESIAN_POINT('',(113.37,10.0000001490116,-4.50000006705523));
#3008=CARTESIAN_POINT('',(113.37,10.0000001490116,-5.50000008195639));
#3009=CARTESIAN_POINT('',(113.37,10.0000001490116,-0.972000040978193));
#3010=CARTESIAN_POINT('',(113.37,-10.0000001490116,-5.50000008195639));
#3011=CARTESIAN_POINT('',(113.37,-15.5000000745058,-5.50000008195639));
#3012=CARTESIAN_POINT('',(113.37,-10.0000001490116,-4.50000006705523));
#3013=CARTESIAN_POINT('',(113.37,-10.0000001490116,-0.472000033527613));
#3014=CARTESIAN_POINT('',(113.37,-5.49999992549419,-4.50000006705523));
#3015=CARTESIAN_POINT('',(113.37,11.0000001639128,-20.0000002980232));
#3016=CARTESIAN_POINT('',(113.37,-11.0000001639128,-20.0000002980232));
#3017=CARTESIAN_POINT('Origin',(113.37,0.,-20.0000002980232));
#3018=CARTESIAN_POINT('',(113.37,-11.0000001639128,-3.00000004470348));
#3019=CARTESIAN_POINT('',(113.37,-11.0000001639128,0.277999977648258));
#3020=CARTESIAN_POINT('',(113.37,-10.7409484438273,-3.00000004470348));
#3021=CARTESIAN_POINT('',(113.37,-15.8704742219136,-3.00000004470348));
#3022=CARTESIAN_POINT('',(113.37,-10.7409484438273,-20.0000002980232));
#3023=CARTESIAN_POINT('',(113.37,-10.7409484438273,-8.22200014901161));
#3024=CARTESIAN_POINT('',(113.37,10.7409484438273,-20.0000002980232));
#3025=CARTESIAN_POINT('Origin',(113.37,0.,-20.0000002980232));
#3026=CARTESIAN_POINT('',(113.37,10.7409484438273,-3.00000004470348));
#3027=CARTESIAN_POINT('',(113.37,10.7409484438273,0.277999977648258));
#3028=CARTESIAN_POINT('',(113.37,11.0000001639128,-3.00000004470348));
#3029=CARTESIAN_POINT('',(113.37,-4.99999991804361,-3.00000004470348));
#3030=CARTESIAN_POINT('',(113.37,11.0000001639128,-8.22200014901161));
#3031=CARTESIAN_POINT('Origin',(39.37,0.,-32.444));
#3032=CARTESIAN_POINT('',(-34.13,-21.,-32.444));
#3033=CARTESIAN_POINT('',(113.37,-21.,-32.444));
#3034=CARTESIAN_POINT('',(-34.63,-20.5,-32.444));
#3035=CARTESIAN_POINT('Origin',(-34.13,-20.5,-32.444));
#3036=CARTESIAN_POINT('',(-34.63,20.5,-32.444));
#3037=CARTESIAN_POINT('',(-34.63,-21.,-32.444));
#3038=CARTESIAN_POINT('',(-34.13,21.,-32.444));
#3039=CARTESIAN_POINT('Origin',(-34.13,20.5,-32.444));
#3040=CARTESIAN_POINT('',(-31.2600016391277,21.,-32.444));
#3041=CARTESIAN_POINT('',(-34.63,21.,-32.444));
#3042=CARTESIAN_POINT('',(-31.2600016391277,-20.0000002980232,-32.444));
#3043=CARTESIAN_POINT('',(-31.2600016391277,21.,-32.444));
#3044=CARTESIAN_POINT('',(110.000001639128,-20.0000002980232,-32.444));
#3045=CARTESIAN_POINT('',(110.000001639128,-20.0000002980232,-32.444));
#3046=CARTESIAN_POINT('',(110.000001639128,21.,-32.444));
#3047=CARTESIAN_POINT('',(110.000001639128,21.,-32.444));
#3048=CARTESIAN_POINT('',(112.87,21.,-32.444));
#3049=CARTESIAN_POINT('',(-34.63,21.,-32.444));
#3050=CARTESIAN_POINT('Origin',(112.87,20.5,-32.444));
#3051=CARTESIAN_POINT('',(-32.1885004917383,15.0000002235174,-32.444));
#3052=CARTESIAN_POINT('Origin',(-33.0000004917383,15.0000002235174,-32.444));
#3053=CARTESIAN_POINT('',(112.432269281931,15.0000002235174,-32.444));
#3054=CARTESIAN_POINT('Origin',(111.620769281931,15.0000002235174,-32.444));
#3055=CARTESIAN_POINT('',(112.432269281931,-19.0000002831221,-32.444));
#3056=CARTESIAN_POINT('Origin',(111.620769281931,-19.0000002831221,-32.444));
#3057=CARTESIAN_POINT('',(-32.1885004917383,-19.0000002831221,-32.444));
#3058=CARTESIAN_POINT('Origin',(-33.0000004917383,-19.0000002831221,-32.444));
#3059=CARTESIAN_POINT('Origin',(112.87,20.5,3.556));
#3060=CARTESIAN_POINT('',(112.87,21.,8.056));
#3061=CARTESIAN_POINT('',(112.87,21.,3.556));
#3062=CARTESIAN_POINT('Origin',(112.87,20.5,8.056));
#3063=CARTESIAN_POINT('Origin',(112.87,20.5,8.056));
#3064=CARTESIAN_POINT('Origin',(112.87,20.5,8.056));
#3065=CARTESIAN_POINT('Origin',(76.37,20.5,8.056));
#3066=CARTESIAN_POINT('',(-34.13,21.,8.056));
#3067=CARTESIAN_POINT('',(76.37,21.,8.056));
#3068=CARTESIAN_POINT('',(-34.13,20.5,8.556));
#3069=CARTESIAN_POINT('Origin',(-34.13,20.5,8.056));
#3070=CARTESIAN_POINT('',(76.37,20.5,8.556));
#3071=CARTESIAN_POINT('Origin',(113.37,21.,3.556));
#3072=CARTESIAN_POINT('',(110.000001639128,21.,-6.1848));
#3073=CARTESIAN_POINT('',(110.000001639128,21.,3.556));
#3074=CARTESIAN_POINT('',(112.500001676381,21.,-6.1848));
#3075=CARTESIAN_POINT('',(112.93500083819,21.,-6.1848));
#3076=CARTESIAN_POINT('',(112.500001676381,21.,-3.9848));
#3077=CARTESIAN_POINT('',(112.500001676381,21.,-1.2644));
#3078=CARTESIAN_POINT('',(110.000001639128,21.,-3.9848));
#3079=CARTESIAN_POINT('',(112.93500083819,21.,-3.9848));
#3080=CARTESIAN_POINT('',(110.000001639128,21.,3.556));
#3081=CARTESIAN_POINT('',(110.000001639128,21.,3.556));
#3082=CARTESIAN_POINT('',(-31.2600016391277,21.,3.556));
#3083=CARTESIAN_POINT('',(113.37,21.,3.556));
#3084=CARTESIAN_POINT('',(-31.2600016391277,21.,-3.9848));
#3085=CARTESIAN_POINT('',(-31.2600016391277,21.,3.556));
#3086=CARTESIAN_POINT('',(-33.5000004991889,21.,-3.9848));
#3087=CARTESIAN_POINT('',(39.9349997504056,21.,-3.9848));
#3088=CARTESIAN_POINT('',(-33.5000004991889,21.,-6.1848));
#3089=CARTESIAN_POINT('',(-33.5000004991889,21.,-0.2644));
#3090=CARTESIAN_POINT('',(-31.2600016391277,21.,-6.1848));
#3091=CARTESIAN_POINT('',(39.9349997504056,21.,-6.1848));
#3092=CARTESIAN_POINT('',(-31.2600016391277,21.,3.556));
#3093=CARTESIAN_POINT('',(-34.13,21.,3.556));
#3094=CARTESIAN_POINT('Origin',(-34.13,-20.5,3.556));
#3095=CARTESIAN_POINT('',(-34.13,-21.,8.056));
#3096=CARTESIAN_POINT('',(-34.13,-21.,3.556));
#3097=CARTESIAN_POINT('',(-34.63,-20.5,8.056));
#3098=CARTESIAN_POINT('Origin',(-34.13,-20.5,8.056));
#3099=CARTESIAN_POINT('',(-34.63,-20.5,3.556));
#3100=CARTESIAN_POINT('Origin',(-34.13,-20.5,8.056));
#3101=CARTESIAN_POINT('',(-34.13,-20.5,8.556));
#3102=CARTESIAN_POINT('Origin',(-34.13,-20.5,8.056));
#3103=CARTESIAN_POINT('Origin',(-34.13,-20.5,8.056));
#3104=CARTESIAN_POINT('Origin',(-34.63,-21.,3.556));
#3105=CARTESIAN_POINT('',(2.37,-21.,8.056));
#3106=CARTESIAN_POINT('Origin',(-34.63,21.,3.556));
#3107=CARTESIAN_POINT('',(-34.63,20.5,8.056));
#3108=CARTESIAN_POINT('',(-34.63,10.5,8.056));
#3109=CARTESIAN_POINT('',(-34.63,20.5,3.556));
#3110=CARTESIAN_POINT('',(-34.63,-11.0000001639128,-20.0000002980232));
#3111=CARTESIAN_POINT('',(-34.63,11.0000001639128,-20.0000002980232));
#3112=CARTESIAN_POINT('Origin',(-34.63,0.,-20.0000002980232));
#3113=CARTESIAN_POINT('',(-34.63,11.0000001639128,-3.00000004470348));
#3114=CARTESIAN_POINT('',(-34.63,11.0000001639128,-8.22200014901161));
#3115=CARTESIAN_POINT('',(-34.63,10.7409484438273,-3.00000004470348));
#3116=CARTESIAN_POINT('',(-34.63,16.0000000819564,-3.00000004470348));
#3117=CARTESIAN_POINT('',(-34.63,10.7409484438273,-20.0000002980232));
#3118=CARTESIAN_POINT('',(-34.63,10.7409484438273,0.277999977648258));
#3119=CARTESIAN_POINT('',(-34.63,-10.7409484438273,-20.0000002980232));
#3120=CARTESIAN_POINT('Origin',(-34.63,0.,-20.0000002980232));
#3121=CARTESIAN_POINT('',(-34.63,-10.7409484438273,-3.00000004470348));
#3122=CARTESIAN_POINT('',(-34.63,-10.7409484438273,-8.22200014901161));
#3123=CARTESIAN_POINT('',(-34.63,-11.0000001639128,-3.00000004470348));
#3124=CARTESIAN_POINT('',(-34.63,5.12952577808637,-3.00000004470348));
#3125=CARTESIAN_POINT('',(-34.63,-11.0000001639128,0.277999977648258));
#3126=CARTESIAN_POINT('',(-34.63,-10.0000001490116,-4.50000006705523));
#3127=CARTESIAN_POINT('',(-34.63,-10.0000001490116,-5.50000006705523));
#3128=CARTESIAN_POINT('',(-34.63,-10.0000001490116,-0.972000033527612));
#3129=CARTESIAN_POINT('',(-34.63,0.,-5.50000008195639));
#3130=CARTESIAN_POINT('',(-34.63,10.4999999932528,-5.50000009760261));
#3131=CARTESIAN_POINT('',(-34.63,10.0000001490116,-5.50000008195639));
#3132=CARTESIAN_POINT('',(-34.63,15.5000000745058,-5.50000008195639));
#3133=CARTESIAN_POINT('',(-34.63,10.0000001490116,-4.50000006705523));
#3134=CARTESIAN_POINT('',(-34.63,10.0000001490116,-0.472000033527613));
#3135=CARTESIAN_POINT('',(-34.63,5.49999992549419,-4.50000006705523));
#3136=CARTESIAN_POINT('Origin',(-34.13,20.5,8.056));
#3137=CARTESIAN_POINT('Origin',(-34.13,20.5,8.056));
#3138=CARTESIAN_POINT('Origin',(-34.13,20.5,8.056));
#3139=CARTESIAN_POINT('Origin',(-34.13,20.5,3.556));
#3140=CARTESIAN_POINT('Origin',(-34.13,10.5,8.056));
#3141=CARTESIAN_POINT('',(-34.13,10.5,8.556));
#3142=CARTESIAN_POINT('Origin',(-34.63,-10.7409484438273,-20.0000002980232));
#3143=CARTESIAN_POINT('',(-31.2600016391277,-10.7409484438273,-3.00000004470348));
#3144=CARTESIAN_POINT('',(-31.2600016391277,-10.7409484438273,-3.9848));
#3145=CARTESIAN_POINT('',(-31.2600016391277,-10.7409484438273,-8.22200014901161));
#3146=CARTESIAN_POINT('',(-34.63,-10.7409484438273,-3.00000004470348));
#3147=CARTESIAN_POINT('',(-31.2600016391277,-10.7409484438273,-20.0000002980232));
#3148=CARTESIAN_POINT('',(-34.63,-10.7409484438273,-20.0000002980232));
#3149=CARTESIAN_POINT('',(-31.2600016391277,-10.7409484438273,-6.1848));
#3150=CARTESIAN_POINT('',(-31.2600016391277,-10.7409484438273,-8.22200014901161));
#3151=CARTESIAN_POINT('',(-33.5000004991889,-10.7409484438273,-6.1848));
#3152=CARTESIAN_POINT('',(-34.0650002495944,-10.7409484438273,-6.1848));
#3153=CARTESIAN_POINT('',(-33.5000004991889,-10.7409484438273,-3.9848));
#3154=CARTESIAN_POINT('',(-33.5000004991889,-10.7409484438273,-11.5424001490116));
#3155=CARTESIAN_POINT('',(-34.0650002495944,-10.7409484438273,-3.9848));
#3156=CARTESIAN_POINT('Origin',(-34.63,-10.7409484438273,-3.00000004470348));
#3157=CARTESIAN_POINT('',(-31.2600016391277,-11.0000001639128,-3.00000004470348));
#3158=CARTESIAN_POINT('',(-31.2600016391277,5.12952577808637,-3.00000004470348));
#3159=CARTESIAN_POINT('',(-34.63,-11.0000001639128,-3.00000004470348));
#3160=CARTESIAN_POINT('Origin',(-34.63,-11.0000001639128,-3.00000004470348));
#3161=CARTESIAN_POINT('',(-31.2600016391277,-11.0000001639128,-3.9848));
#3162=CARTESIAN_POINT('',(-31.2600016391277,-11.0000001639128,0.277999977648258));
#3163=CARTESIAN_POINT('',(-33.5000004991889,-11.0000001639128,-3.9848));
#3164=CARTESIAN_POINT('',(-34.0650002495944,-11.0000001639128,-3.9848));
#3165=CARTESIAN_POINT('',(-33.5000004991889,-11.0000001639128,-6.1848));
#3166=CARTESIAN_POINT('',(-33.5000004991889,-11.0000001639128,-3.04240002235174));
#3167=CARTESIAN_POINT('',(-31.2600016391277,-11.0000001639128,-6.1848));
#3168=CARTESIAN_POINT('',(-34.0650002495944,-11.0000001639128,-6.1848));
#3169=CARTESIAN_POINT('',(-31.2600016391277,-11.0000001639128,-20.0000002980232));
#3170=CARTESIAN_POINT('',(-31.2600016391277,-11.0000001639128,0.277999977648258));
#3171=CARTESIAN_POINT('',(-34.63,-11.0000001639128,-20.0000002980232));
#3172=CARTESIAN_POINT('Origin',(-34.63,0.,-20.0000002980232));
#3173=CARTESIAN_POINT('',(-31.2600016391277,10.7409484438273,-20.0000002980232));
#3174=CARTESIAN_POINT('Origin',(-31.2600016391277,0.,-20.0000002980232));
#3175=CARTESIAN_POINT('',(-34.63,10.7409484438273,-20.0000002980232));
#3176=CARTESIAN_POINT('Origin',(-34.63,0.,-20.0000002980232));
#3177=CARTESIAN_POINT('',(110.000001639128,-10.7409484438273,-20.0000002980232));
#3178=CARTESIAN_POINT('',(-34.63,-10.7409484438273,-20.0000002980232));
#3179=CARTESIAN_POINT('',(110.000001639128,10.7409484438273,-20.0000002980232));
#3180=CARTESIAN_POINT('Origin',(110.000001639128,0.,-20.0000002980232));
#3181=CARTESIAN_POINT('',(-34.63,10.7409484438273,-20.0000002980232));
#3182=CARTESIAN_POINT('Origin',(-34.63,10.7409484438273,-3.00000004470348));
#3183=CARTESIAN_POINT('',(-31.2600016391277,10.7409484438273,-6.1848));
#3184=CARTESIAN_POINT('',(-31.2600016391277,10.7409484438273,0.277999977648258));
#3185=CARTESIAN_POINT('',(-31.2600016391277,10.7409484438273,-3.00000004470348));
#3186=CARTESIAN_POINT('',(-34.63,10.7409484438273,-3.00000004470348));
#3187=CARTESIAN_POINT('',(-31.2600016391277,10.7409484438273,-3.9848));
#3188=CARTESIAN_POINT('',(-31.2600016391277,10.7409484438273,0.277999977648258));
#3189=CARTESIAN_POINT('',(-33.5000004991889,10.7409484438273,-3.9848));
#3190=CARTESIAN_POINT('',(-34.0650002495944,10.7409484438273,-3.9848));
#3191=CARTESIAN_POINT('',(-33.5000004991889,10.7409484438273,-6.1848));
#3192=CARTESIAN_POINT('',(-33.5000004991889,10.7409484438273,-3.04240002235174));
#3193=CARTESIAN_POINT('',(-34.0650002495944,10.7409484438273,-6.1848));
#3194=CARTESIAN_POINT('Origin',(-34.63,10.7409484438273,-3.00000004470348));
#3195=CARTESIAN_POINT('',(110.000001639128,10.7409484438273,-6.1848));
#3196=CARTESIAN_POINT('',(110.000001639128,10.7409484438273,0.277999977648258));
#3197=CARTESIAN_POINT('',(112.500001676381,10.7409484438273,-6.1848));
#3198=CARTESIAN_POINT('',(38.9350008381903,10.7409484438273,-6.1848));
#3199=CARTESIAN_POINT('',(112.500001676381,10.7409484438273,-3.9848));
#3200=CARTESIAN_POINT('',(112.500001676381,10.7409484438273,-3.04240002235174));
#3201=CARTESIAN_POINT('',(110.000001639128,10.7409484438273,-3.9848));
#3202=CARTESIAN_POINT('',(38.9350008381903,10.7409484438273,-3.9848));
#3203=CARTESIAN_POINT('',(110.000001639128,10.7409484438273,-3.00000004470348));
#3204=CARTESIAN_POINT('',(110.000001639128,10.7409484438273,0.277999977648258));
#3205=CARTESIAN_POINT('',(-34.63,10.7409484438273,-3.00000004470348));
#3206=CARTESIAN_POINT('Origin',(-34.63,0.,-20.0000002980232));
#3207=CARTESIAN_POINT('',(-31.2600016391277,11.0000001639128,-20.0000002980232));
#3208=CARTESIAN_POINT('Origin',(-31.2600016391277,0.,-20.0000002980232));
#3209=CARTESIAN_POINT('',(-34.63,11.0000001639128,-20.0000002980232));
#3210=CARTESIAN_POINT('Origin',(-34.63,11.0000001639128,-20.0000002980232));
#3211=CARTESIAN_POINT('',(-31.2600016391277,11.0000001639128,-6.1848));
#3212=CARTESIAN_POINT('',(-31.2600016391277,11.0000001639128,-8.22200014901161));
#3213=CARTESIAN_POINT('',(-33.5000004991889,11.0000001639128,-6.1848));
#3214=CARTESIAN_POINT('',(-34.0650002495944,11.0000001639128,-6.1848));
#3215=CARTESIAN_POINT('',(-33.5000004991889,11.0000001639128,-3.9848));
#3216=CARTESIAN_POINT('',(-33.5000004991889,11.0000001639128,-11.5424001490116));
#3217=CARTESIAN_POINT('',(-31.2600016391277,11.0000001639128,-3.9848));
#3218=CARTESIAN_POINT('',(-34.0650002495944,11.0000001639128,-3.9848));
#3219=CARTESIAN_POINT('',(-31.2600016391277,11.0000001639128,-3.00000004470348));
#3220=CARTESIAN_POINT('',(-31.2600016391277,11.0000001639128,-8.22200014901161));
#3221=CARTESIAN_POINT('',(-34.63,11.0000001639128,-3.00000004470348));
#3222=CARTESIAN_POINT('Origin',(-34.63,11.0000001639128,-20.0000002980232));
#3223=CARTESIAN_POINT('',(110.000001639128,11.0000001639128,-3.00000004470348));
#3224=CARTESIAN_POINT('',(-34.63,11.0000001639128,-3.00000004470348));
#3225=CARTESIAN_POINT('',(110.000001639128,11.0000001639128,-3.9848));
#3226=CARTESIAN_POINT('',(110.000001639128,11.0000001639128,-8.22200014901161));
#3227=CARTESIAN_POINT('',(112.500001676381,11.0000001639128,-3.9848));
#3228=CARTESIAN_POINT('',(38.9350008381903,11.0000001639128,-3.9848));
#3229=CARTESIAN_POINT('',(112.500001676381,11.0000001639128,-6.1848));
#3230=CARTESIAN_POINT('',(112.500001676381,11.0000001639128,-11.5424001490116));
#3231=CARTESIAN_POINT('',(110.000001639128,11.0000001639128,-6.1848));
#3232=CARTESIAN_POINT('',(38.9350008381903,11.0000001639128,-6.1848));
#3233=CARTESIAN_POINT('',(110.000001639128,11.0000001639128,-20.0000002980232));
#3234=CARTESIAN_POINT('',(110.000001639128,11.0000001639128,-8.22200014901161));
#3235=CARTESIAN_POINT('',(-34.63,11.0000001639128,-20.0000002980232));
#3236=CARTESIAN_POINT('Origin',(-34.63,11.0000001639128,-3.00000004470348));
#3237=CARTESIAN_POINT('',(-31.2600016391277,16.0000000819564,-3.00000004470348));
#3238=CARTESIAN_POINT('Origin',(-34.63,11.0000001639128,-3.00000004470348));
#3239=CARTESIAN_POINT('',(110.000001639128,-4.50000006705522,-3.00000004470348));
#3240=CARTESIAN_POINT('Origin',(-34.63,0.,-20.0000002980232));
#3241=CARTESIAN_POINT('',(110.000001639128,-11.0000001639128,-20.0000002980232));
#3242=CARTESIAN_POINT('Origin',(110.000001639128,0.,-20.0000002980232));
#3243=CARTESIAN_POINT('',(-34.63,-11.0000001639128,-20.0000002980232));
#3244=CARTESIAN_POINT('Origin',(-34.63,-11.0000001639128,-3.00000004470348));
#3245=CARTESIAN_POINT('',(110.000001639128,-11.0000001639128,-6.1848));
#3246=CARTESIAN_POINT('',(110.000001639128,-11.0000001639128,0.277999977648258));
#3247=CARTESIAN_POINT('',(112.500001676381,-11.0000001639128,-6.1848));
#3248=CARTESIAN_POINT('',(38.9350008381903,-11.0000001639128,-6.1848));
#3249=CARTESIAN_POINT('',(112.500001676381,-11.0000001639128,-3.9848));
#3250=CARTESIAN_POINT('',(112.500001676381,-11.0000001639128,-3.04240002235174));
#3251=CARTESIAN_POINT('',(110.000001639128,-11.0000001639128,-3.9848));
#3252=CARTESIAN_POINT('',(38.9350008381903,-11.0000001639128,-3.9848));
#3253=CARTESIAN_POINT('',(110.000001639128,-11.0000001639128,-3.00000004470348));
#3254=CARTESIAN_POINT('',(110.000001639128,-11.0000001639128,0.277999977648258));
#3255=CARTESIAN_POINT('',(-34.63,-11.0000001639128,-3.00000004470348));
#3256=CARTESIAN_POINT('Origin',(-34.63,-10.7409484438273,-3.00000004470348));
#3257=CARTESIAN_POINT('',(110.000001639128,-10.7409484438273,-3.00000004470348));
#3258=CARTESIAN_POINT('',(110.000001639128,-15.3704743709252,-3.00000004470348));
#3259=CARTESIAN_POINT('',(-34.63,-10.7409484438273,-3.00000004470348));
#3260=CARTESIAN_POINT('Origin',(-34.63,-10.7409484438273,-20.0000002980232));
#3261=CARTESIAN_POINT('',(110.000001639128,-10.7409484438273,-3.9848));
#3262=CARTESIAN_POINT('',(110.000001639128,-10.7409484438273,-8.22200014901161));
#3263=CARTESIAN_POINT('',(112.500001676381,-10.7409484438273,-3.9848));
#3264=CARTESIAN_POINT('',(38.9350008381903,-10.7409484438273,-3.9848));
#3265=CARTESIAN_POINT('',(112.500001676381,-10.7409484438273,-6.1848));
#3266=CARTESIAN_POINT('',(112.500001676381,-10.7409484438273,-11.5424001490116));
#3267=CARTESIAN_POINT('',(110.000001639128,-10.7409484438273,-6.1848));
#3268=CARTESIAN_POINT('',(38.9350008381903,-10.7409484438273,-6.1848));
#3269=CARTESIAN_POINT('',(110.000001639128,-10.7409484438273,-8.22200014901161));
#3270=CARTESIAN_POINT('Origin',(110.000001639128,-20.0000002980232,3.556));
#3271=CARTESIAN_POINT('',(110.000001639128,-20.0000002980232,-6.1848));
#3272=CARTESIAN_POINT('',(110.000001639128,-20.0000002980232,3.556));
#3273=CARTESIAN_POINT('',(110.000001639128,0.0683764100342477,-6.1848));
#3274=CARTESIAN_POINT('',(110.000001639128,0.0683764100342477,-6.1848));
#3275=CARTESIAN_POINT('Origin',(110.000001639128,-20.0000002980232,3.556));
#3276=CARTESIAN_POINT('',(110.000001639128,-20.0000002980232,-3.9848));
#3277=CARTESIAN_POINT('',(110.000001639128,-20.0000002980232,-3.9848));
#3278=CARTESIAN_POINT('',(110.000001639128,-20.0000002980232,3.556));
#3279=CARTESIAN_POINT('',(110.000001639128,-20.0000002980232,3.556));
#3280=CARTESIAN_POINT('',(110.000001639128,-10.0000001490116,3.556));
#3281=CARTESIAN_POINT('',(110.000001639128,-20.0000002980232,-3.9848));
#3282=CARTESIAN_POINT('',(110.000001639128,-20.0000002980232,-3.9848));
#3283=CARTESIAN_POINT('Origin',(112.500001676381,20.1367531180917,-6.1848));
#3284=CARTESIAN_POINT('',(112.500001676381,-20.0000002980232,-6.1848));
#3285=CARTESIAN_POINT('Origin',(112.500001676381,20.1367531180917,-6.1848));
#3286=CARTESIAN_POINT('',(112.500001676381,-20.0000002980232,-6.1848));
#3287=CARTESIAN_POINT('',(112.500001676381,-20.0000002980232,-6.1848));
#3288=CARTESIAN_POINT('',(112.500001676381,-20.0000002980232,-6.1848));
#3289=CARTESIAN_POINT('Origin',(112.500001676381,20.1367531180917,-3.0848));
#3290=CARTESIAN_POINT('',(112.500001676381,10.102564764063,-3.9848));
#3291=CARTESIAN_POINT('Origin',(112.500001676381,20.1367531180917,-3.0848));
#3292=CARTESIAN_POINT('',(112.500001676381,-20.0000002980232,-3.9848));
#3293=CARTESIAN_POINT('',(112.500001676381,-20.0000002980232,-4.0848));
#3294=CARTESIAN_POINT('',(112.500001676381,10.102564764063,-3.9848));
#3295=CARTESIAN_POINT('Origin',(112.500001676381,-20.0000002980232,-3.9848));
#3296=CARTESIAN_POINT('Origin',(112.500001676381,-20.0000002980232,-3.9848));
#3297=CARTESIAN_POINT('',(112.500001676381,-20.0000002980232,-3.9848));
#3298=CARTESIAN_POINT('Origin',(112.500001676381,-20.0000002980232,-3.9848));
#3299=CARTESIAN_POINT('',(112.500001676381,10.102564764063,-3.9848));
#3300=CARTESIAN_POINT('Origin',(-31.2600016391277,21.,3.556));
#3301=CARTESIAN_POINT('',(-31.2600016391277,0.499999850988386,-6.1848));
#3302=CARTESIAN_POINT('',(-31.2600016391277,-20.0000002980232,-6.1848));
#3303=CARTESIAN_POINT('',(-31.2600016391277,0.499999850988386,-6.1848));
#3304=CARTESIAN_POINT('',(-31.2600016391277,-20.0000002980232,3.556));
#3305=CARTESIAN_POINT('Origin',(-31.2600016391277,21.,3.556));
#3306=CARTESIAN_POINT('',(-31.2600016391277,0.499999850988386,-6.1848));
#3307=CARTESIAN_POINT('Origin',(-33.5000004991889,-20.0000002980232,-6.1848));
#3308=CARTESIAN_POINT('',(-33.5000004991889,20.1367531180917,-6.1848));
#3309=CARTESIAN_POINT('Origin',(-33.5000004991889,-20.0000002980232,-6.1848));
#3310=CARTESIAN_POINT('',(-33.5000004991889,-20.0000002980232,-6.1848));
#3311=CARTESIAN_POINT('',(-33.5000004991889,20.1367531180917,-6.1848));
#3312=CARTESIAN_POINT('',(-33.5000004991889,-20.0000002980232,-6.1848));
#3313=CARTESIAN_POINT('Origin',(-33.5000004991889,-20.0000002980232,-6.1848));
#3314=CARTESIAN_POINT('',(-33.5000004991889,20.1367531180917,-6.1848));
#3315=CARTESIAN_POINT('Origin',(-33.5000004991889,-20.0000002980232,-3.0848));
#3316=CARTESIAN_POINT('',(-33.5000004991889,-9.96581194399449,-3.9848));
#3317=CARTESIAN_POINT('Origin',(-33.5000004991889,-20.0000002980232,-3.0848));
#3318=CARTESIAN_POINT('',(-33.5000004991889,-20.0000002980232,-3.9848));
#3319=CARTESIAN_POINT('',(-33.5000004991889,-9.96581194399449,-3.9848));
#3320=CARTESIAN_POINT('',(-33.5000004991889,-20.0000002980232,-6.0848));
#3321=CARTESIAN_POINT('Origin',(-33.5000004991889,-20.0000002980232,-3.0848));
#3322=CARTESIAN_POINT('',(-33.5000004991889,-9.96581194399449,-3.9848));
#3323=CARTESIAN_POINT('Origin',(-33.5000004991889,20.1367531180917,-3.9848));
#3324=CARTESIAN_POINT('',(-31.2600016391277,20.5683765590459,-3.9848));
#3325=CARTESIAN_POINT('Origin',(-33.5000004991889,20.1367531180917,-3.9848));
#3326=CARTESIAN_POINT('',(-31.2600016391277,-20.0000002980232,-3.9848));
#3327=CARTESIAN_POINT('',(-31.2600016391277,20.5683765590459,-3.9848));
#3328=CARTESIAN_POINT('',(-33.5000004991889,-20.0000002980232,-3.9848));
#3329=CARTESIAN_POINT('Origin',(-33.5000004991889,20.1367531180917,-3.9848));
#3330=CARTESIAN_POINT('',(-31.2600016391277,20.5683765590459,-3.9848));
#3331=CARTESIAN_POINT('Origin',(-35.6499992031604,10.0000001490116,-5.49999987706542));
#3332=CARTESIAN_POINT('',(-36.63,-10.0000001490116,-4.73089863010985));
#3333=CARTESIAN_POINT('',(-35.6499992031604,-10.0000001490116,-5.49999987706542));
#3334=CARTESIAN_POINT('',(-35.3343869130847,-10.0000001490116,-5.7476913142913));
#3335=CARTESIAN_POINT('',(-36.63,10.0000001490116,-4.73089863010985));
#3336=CARTESIAN_POINT('',(-36.63,5.00000007450581,-4.73089863010985));
#3337=CARTESIAN_POINT('',(-35.6499992031604,10.0000001490116,-5.49999987706542));
#3338=CARTESIAN_POINT('',(-35.5772218096718,10.0000001490116,-5.55711532458622));
#3339=CARTESIAN_POINT('',(-35.6499989420851,0.,-5.50000008195639));
#3340=CARTESIAN_POINT('',(-35.6499989420851,10.0000001490116,-5.50000008195639));
#3341=CARTESIAN_POINT('',(-35.6499989325915,5.00000007547416,-5.50000008940697));
#3342=CARTESIAN_POINT('Origin',(115.37,10.0000001490116,-4.71277319000386));
#3343=CARTESIAN_POINT('',(114.37,-10.0000001490116,-5.50000008195639));
#3344=CARTESIAN_POINT('',(115.37,-10.0000001490116,-4.71277319000386));
#3345=CARTESIAN_POINT('',(114.804318189389,-10.0000001490116,-5.1580931236055));
#3346=CARTESIAN_POINT('',(114.37,10.0000001490116,-5.50000008195639));
#3347=CARTESIAN_POINT('',(114.37,0.,-5.50000008195639));
#3348=CARTESIAN_POINT('',(115.37,10.0000001490116,-4.71277319000386));
#3349=CARTESIAN_POINT('',(114.561305847646,10.0000001490116,-5.3493989741019));
#3350=CARTESIAN_POINT('',(115.37,5.00000007450581,-4.71277319000386));
#3351=CARTESIAN_POINT('Origin',(-34.63,-10.0000001490116,-5.50000006705523));
#3352=CARTESIAN_POINT('',(-34.63,-10.0000001490116,-5.50000006705523));
#3353=CARTESIAN_POINT('',(-36.63,-10.0000001490116,-4.50000006705523));
#3354=CARTESIAN_POINT('',(-34.63,-10.0000001490116,-4.50000006705523));
#3355=CARTESIAN_POINT('',(-36.63,-10.0000001490116,-4.50000006705523));
#3356=CARTESIAN_POINT('Origin',(-34.63,0.,-5.50000008195639));
#3357=CARTESIAN_POINT('',(-34.63,0.,-5.50000008195639));
#3358=CARTESIAN_POINT('Origin',(-34.63,10.0000001490116,-5.50000008195639));
#3359=CARTESIAN_POINT('',(-34.63,10.0000001490116,-5.50000008195639));
#3360=CARTESIAN_POINT('Origin',(113.37,-10.0000001490116,-4.50000006705523));
#3361=CARTESIAN_POINT('',(115.37,-10.0000001490116,-4.50000006705523));
#3362=CARTESIAN_POINT('',(115.37,-10.0000001490116,-5.50000008195639));
#3363=CARTESIAN_POINT('',(113.37,-10.0000001490116,-4.50000006705523));
#3364=CARTESIAN_POINT('',(113.37,-10.0000001490116,-5.50000008195639));
#3365=CARTESIAN_POINT('Origin',(115.37,0.,-5.00000007450581));
#3366=CARTESIAN_POINT('',(115.37,10.0000001490116,-4.50000006705523));
#3367=CARTESIAN_POINT('',(115.37,10.0000001490116,-4.50000006705523));
#3368=CARTESIAN_POINT('',(115.37,0.,-4.50000006705523));
#3369=CARTESIAN_POINT('Origin',(-34.63,10.0000001490116,-4.50000006705523));
#3370=CARTESIAN_POINT('',(-36.63,10.0000001490116,-4.50000006705523));
#3371=CARTESIAN_POINT('',(-36.63,10.0000001490116,-4.50000006705523));
#3372=CARTESIAN_POINT('',(-34.63,10.0000001490116,-4.50000006705523));
#3373=CARTESIAN_POINT('Origin',(-34.63,-10.0000001490116,-4.50000006705523));
#3374=CARTESIAN_POINT('',(-36.63,0.,-4.50000006705523));
#3375=CARTESIAN_POINT('Origin',(-36.63,0.,-5.00000007450581));
#3376=CARTESIAN_POINT('Origin',(113.37,10.0000001490116,-5.50000008195639));
#3377=CARTESIAN_POINT('',(113.37,10.0000001490116,-5.50000008195639));
#3378=CARTESIAN_POINT('',(113.37,10.0000001490116,-4.50000006705523));
#3379=CARTESIAN_POINT('Origin',(113.37,-10.0000001490116,-5.50000008195639));
#3380=CARTESIAN_POINT('Origin',(113.37,10.0000001490116,-4.50000006705523));
#3381=CARTESIAN_POINT('Origin',(-33.0000004917383,15.0000002235174,-29.2002008038296));
#3382=CARTESIAN_POINT('',(-32.1885004917383,15.0000002235174,-29.444));
#3383=CARTESIAN_POINT('Origin',(-33.0000004917383,15.0000002235174,-29.444));
#3384=CARTESIAN_POINT('',(-33.0000004917383,15.0000002235174,-28.9564016076591));
#3385=CARTESIAN_POINT('',(-32.5942504917383,15.0000002235174,-29.2002008038296));
#3386=CARTESIAN_POINT('Origin',(-33.0000004917383,15.0000002235174,-32.444));
#3387=CARTESIAN_POINT('',(-32.1885004917383,15.0000002235174,-32.444));
#3388=CARTESIAN_POINT('Origin',(111.620769281931,15.0000002235174,-29.2002008038296));
#3389=CARTESIAN_POINT('',(112.432269281931,15.0000002235174,-29.444));
#3390=CARTESIAN_POINT('Origin',(111.620769281931,15.0000002235174,-29.444));
#3391=CARTESIAN_POINT('',(111.620769281931,15.0000002235174,-28.9564016076591));
#3392=CARTESIAN_POINT('',(112.026519281931,15.0000002235174,-29.2002008038296));
#3393=CARTESIAN_POINT('Origin',(111.620769281931,15.0000002235174,-32.444));
#3394=CARTESIAN_POINT('',(112.432269281931,15.0000002235174,-32.444));
#3395=CARTESIAN_POINT('Origin',(111.620769281931,-19.0000002831221,-29.2002008038296));
#3396=CARTESIAN_POINT('',(112.432269281931,-19.0000002831221,-29.444));
#3397=CARTESIAN_POINT('Origin',(111.620769281931,-19.0000002831221,-29.444));
#3398=CARTESIAN_POINT('',(111.620769281931,-19.0000002831221,-28.9564016076591));
#3399=CARTESIAN_POINT('',(112.026519281931,-19.0000002831221,-29.2002008038296));
#3400=CARTESIAN_POINT('Origin',(111.620769281931,-19.0000002831221,-32.444));
#3401=CARTESIAN_POINT('',(112.432269281931,-19.0000002831221,-32.444));
#3402=CARTESIAN_POINT('Origin',(-33.0000004917383,-19.0000002831221,-29.2002008038296));
#3403=CARTESIAN_POINT('',(-32.1885004917383,-19.0000002831221,-29.444));
#3404=CARTESIAN_POINT('Origin',(-33.0000004917383,-19.0000002831221,-29.444));
#3405=CARTESIAN_POINT('',(-33.0000004917383,-19.0000002831221,-28.9564016076591));
#3406=CARTESIAN_POINT('',(-32.5942504917383,-19.0000002831221,-29.2002008038296));
#3407=CARTESIAN_POINT('Origin',(-33.0000004917383,-19.0000002831221,-32.444));
#3408=CARTESIAN_POINT('',(-32.1885004917383,-19.0000002831221,-32.444));
#3409=CARTESIAN_POINT('Origin',(112.500001676381,20.1367531180917,-6.1848));
#3410=CARTESIAN_POINT('',(112.500001676381,-20.0000002980232,-6.1848));
#3411=CARTESIAN_POINT('',(110.000001639128,0.0683764100342477,-6.1848));
#3412=CARTESIAN_POINT('Origin',(110.000001639128,-20.0000002980232,3.556));
#3413=CARTESIAN_POINT('Origin',(-31.2600016391277,21.,3.556));
#3414=CARTESIAN_POINT('',(-31.2600016391277,-20.0000002980232,3.556));
#3415=CARTESIAN_POINT('',(-31.2600016391277,10.5,3.556));
#3416=CARTESIAN_POINT('',(-31.2600016391277,-20.0000002980232,3.556));
#3417=CARTESIAN_POINT('Origin',(112.500001676381,20.1367531180917,-3.0848));
#3418=CARTESIAN_POINT('Origin',(-31.2600016391277,-20.0000002980232,3.556));
#3419=CARTESIAN_POINT('',(4.05499918043613,-20.0000002980232,3.556));
#3420=CARTESIAN_POINT('Origin',(2.37,-20.5,8.056));
#3421=CARTESIAN_POINT('',(2.37,-20.5,8.556));
#3422=CARTESIAN_POINT('Origin',(39.37,0.,8.556));
#3423=CARTESIAN_POINT('',(103.5962,0.999999999999998,8.556));
#3424=CARTESIAN_POINT('Origin',(84.74,1.,8.556));
#3425=CARTESIAN_POINT('',(12.8562,0.999999999999998,8.556));
#3426=CARTESIAN_POINT('Origin',(-6.,1.,8.556));
#3427=CARTESIAN_POINT('',(58.2262,0.999999999999998,8.556));
#3428=CARTESIAN_POINT('Origin',(39.37,1.,8.556));
#3429=CARTESIAN_POINT('Origin',(84.74,1.,7.556));
#3430=CARTESIAN_POINT('',(102.5962,0.999999999999998,7.556));
#3431=CARTESIAN_POINT('Origin',(103.5962,0.999999999999997,7.556));
#3432=CARTESIAN_POINT('',(66.8838,1.,7.556));
#3433=CARTESIAN_POINT('Origin',(84.74,1.,7.556));
#3434=CARTESIAN_POINT('Origin',(84.74,1.,7.556));
#3435=CARTESIAN_POINT('Origin',(84.74,1.,3.556));
#3436=CARTESIAN_POINT('',(76.3478382948403,-14.7612023765464,5.52222));
#3437=CARTESIAN_POINT('',(76.3478382948404,-14.7612023765464,3.556));
#3438=CARTESIAN_POINT('',(76.3478382948404,-14.7612023765464,3.556));
#3439=CARTESIAN_POINT('',(66.8838,0.999999999999998,3.556));
#3440=CARTESIAN_POINT('Origin',(84.74,1.,3.556));
#3441=CARTESIAN_POINT('',(66.8838,0.999999999999998,3.556));
#3442=CARTESIAN_POINT('',(93.1321617051596,-14.7612023765464,3.556));
#3443=CARTESIAN_POINT('Origin',(84.74,1.,3.556));
#3444=CARTESIAN_POINT('',(93.1321617051596,-14.7612023765464,5.52222));
#3445=CARTESIAN_POINT('',(93.1321617051596,-14.7612023765464,3.556));
#3446=CARTESIAN_POINT('Origin',(84.74,1.,5.52222));
#3447=CARTESIAN_POINT('Origin',(39.37,1.,7.556));
#3448=CARTESIAN_POINT('',(57.2262,0.999999999999998,7.556));
#3449=CARTESIAN_POINT('Origin',(58.2262,0.999999999999997,7.556));
#3450=CARTESIAN_POINT('',(21.5138,1.,7.556));
#3451=CARTESIAN_POINT('Origin',(39.37,1.,7.556));
#3452=CARTESIAN_POINT('Origin',(39.37,1.,7.556));
#3453=CARTESIAN_POINT('Origin',(39.37,1.,3.556));
#3454=CARTESIAN_POINT('',(30.9778382948403,-14.7612023765464,5.52222));
#3455=CARTESIAN_POINT('',(30.9778382948403,-14.7612023765464,3.556));
#3456=CARTESIAN_POINT('',(30.9778382948403,-14.7612023765464,3.556));
#3457=CARTESIAN_POINT('',(21.5138,0.999999999999998,3.556));
#3458=CARTESIAN_POINT('Origin',(39.37,1.,3.556));
#3459=CARTESIAN_POINT('',(21.5138,0.999999999999998,3.556));
#3460=CARTESIAN_POINT('',(47.7621617051596,-14.7612023765464,3.556));
#3461=CARTESIAN_POINT('Origin',(39.37,1.,3.556));
#3462=CARTESIAN_POINT('',(47.7621617051596,-14.7612023765464,5.52222));
#3463=CARTESIAN_POINT('',(47.7621617051596,-14.7612023765464,3.556));
#3464=CARTESIAN_POINT('Origin',(39.37,1.,5.52222));
#3465=CARTESIAN_POINT('Origin',(-6.,1.,7.556));
#3466=CARTESIAN_POINT('',(11.8562,0.999999999999998,7.556));
#3467=CARTESIAN_POINT('Origin',(12.8562,0.999999999999997,7.556));
#3468=CARTESIAN_POINT('',(-23.8562,1.,7.556));
#3469=CARTESIAN_POINT('Origin',(-6.,1.,7.556));
#3470=CARTESIAN_POINT('Origin',(-6.,1.,7.556));
#3471=CARTESIAN_POINT('Origin',(-6.,1.,3.556));
#3472=CARTESIAN_POINT('',(-14.3921617051597,-14.7612023765464,5.52222));
#3473=CARTESIAN_POINT('',(-14.3921617051597,-14.7612023765464,3.556));
#3474=CARTESIAN_POINT('',(-14.3921617051597,-14.7612023765464,3.556));
#3475=CARTESIAN_POINT('',(-23.8562,0.999999999999998,3.556));
#3476=CARTESIAN_POINT('Origin',(-6.,1.,3.556));
#3477=CARTESIAN_POINT('',(-23.8562,0.999999999999998,3.556));
#3478=CARTESIAN_POINT('',(2.39216170515965,-14.7612023765464,3.556));
#3479=CARTESIAN_POINT('Origin',(-6.,1.,3.556));
#3480=CARTESIAN_POINT('',(2.39216170515965,-14.7612023765464,5.52222));
#3481=CARTESIAN_POINT('',(2.39216170515965,-14.7612023765464,3.556));
#3482=CARTESIAN_POINT('Origin',(-6.,1.,5.52222));
#3483=CARTESIAN_POINT('Origin',(84.74,1.,5.52222));
#3484=CARTESIAN_POINT('',(91.598,-19.4724,5.52222));
#3485=CARTESIAN_POINT('',(91.598,-19.4724,5.52222));
#3486=CARTESIAN_POINT('',(77.882,-19.4724,5.52222));
#3487=CARTESIAN_POINT('',(77.882,-19.4724,5.52222));
#3488=CARTESIAN_POINT('',(76.3364932463507,-14.7263633075601,5.52222));
#3489=CARTESIAN_POINT('Origin',(39.37,1.,5.52222));
#3490=CARTESIAN_POINT('',(46.228,-19.4724,5.52222));
#3491=CARTESIAN_POINT('',(46.228,-19.4724,5.52222));
#3492=CARTESIAN_POINT('',(32.512,-19.4724,5.52222));
#3493=CARTESIAN_POINT('',(32.512,-19.4724,5.52222));
#3494=CARTESIAN_POINT('',(30.9664932463507,-14.7263633075601,5.52222));
#3495=CARTESIAN_POINT('Origin',(-6.,1.,5.52222));
#3496=CARTESIAN_POINT('',(0.857999999999999,-19.4724,5.52222));
#3497=CARTESIAN_POINT('',(0.857999999999999,-19.4724,5.52222));
#3498=CARTESIAN_POINT('',(-12.858,-19.4724,5.52222));
#3499=CARTESIAN_POINT('',(-12.858,-19.4724,5.52222));
#3500=CARTESIAN_POINT('',(-14.4035067536493,-14.7263633075601,5.52222));
#3501=CARTESIAN_POINT('Origin',(46.228,-19.4724,3.52222));
#3502=CARTESIAN_POINT('',(46.228,-19.4724,3.556));
#3503=CARTESIAN_POINT('',(48.7657795339774,-11.6792313469737,3.556));
#3504=CARTESIAN_POINT('',(46.228,-19.4724,3.52222));
#3505=CARTESIAN_POINT('Origin',(32.512,-19.4724,3.52222));
#3506=CARTESIAN_POINT('',(32.512,-19.4724,3.556));
#3507=CARTESIAN_POINT('',(35.941,-19.4724,3.556));
#3508=CARTESIAN_POINT('',(32.512,-19.4724,3.52222));
#3509=CARTESIAN_POINT('Origin',(30.9664932463507,-14.7263633075601,3.52222));
#3510=CARTESIAN_POINT('',(29.201467089198,-9.30621300075378,3.556));
#3511=CARTESIAN_POINT('Origin',(91.598,-19.4724,3.52222));
#3512=CARTESIAN_POINT('',(91.598,-19.4724,3.556));
#3513=CARTESIAN_POINT('',(91.9608427864023,-18.3581601729749,3.556));
#3514=CARTESIAN_POINT('',(91.598,-19.4724,3.52222));
#3515=CARTESIAN_POINT('Origin',(77.882,-19.4724,3.52222));
#3516=CARTESIAN_POINT('',(77.882,-19.4724,3.556));
#3517=CARTESIAN_POINT('',(58.626,-19.4724,3.556));
#3518=CARTESIAN_POINT('',(77.882,-19.4724,3.52222));
#3519=CARTESIAN_POINT('Origin',(76.3364932463507,-14.7263633075601,3.52222));
#3520=CARTESIAN_POINT('',(72.3965303416228,-2.62728417475262,3.556));
#3521=CARTESIAN_POINT('Origin',(0.857999999999999,-19.4724,3.52222));
#3522=CARTESIAN_POINT('',(0.857999999999999,-19.4724,3.556));
#3523=CARTESIAN_POINT('',(5.57071628155253,-5.00030252097257,3.556));
#3524=CARTESIAN_POINT('',(0.857999999999999,-19.4724,3.52222));
#3525=CARTESIAN_POINT('Origin',(-12.858,-19.4724,3.52222));
#3526=CARTESIAN_POINT('',(-12.858,-19.4724,3.556));
#3527=CARTESIAN_POINT('',(13.256,-19.4724,3.556));
#3528=CARTESIAN_POINT('',(-12.858,-19.4724,3.52222));
#3529=CARTESIAN_POINT('Origin',(-14.4035067536493,-14.7263633075601,3.52222));
#3530=CARTESIAN_POINT('',(-13.9935961632269,-15.9851418267549,3.556));
#3531=CARTESIAN_POINT('Origin',(39.37,0.,3.556));
#3532=UNCERTAINTY_MEASURE_WITH_UNIT(LENGTH_MEASURE(0.01),#3536,
'DISTANCE_ACCURACY_VALUE',
'Maximum model space distance between geometric entities at asserted c
onnectivities');
#3533=UNCERTAINTY_MEASURE_WITH_UNIT(LENGTH_MEASURE(0.01),#3536,
'DISTANCE_ACCURACY_VALUE',
'Maximum model space distance between geometric entities at asserted c
onnectivities');
#3534=(
GEOMETRIC_REPRESENTATION_CONTEXT(3)
GLOBAL_UNCERTAINTY_ASSIGNED_CONTEXT((#3532))
GLOBAL_UNIT_ASSIGNED_CONTEXT((#3536,#3538,#3539))
REPRESENTATION_CONTEXT('','3D')
);
#3535=(
GEOMETRIC_REPRESENTATION_CONTEXT(3)
GLOBAL_UNCERTAINTY_ASSIGNED_CONTEXT((#3533))
GLOBAL_UNIT_ASSIGNED_CONTEXT((#3536,#3538,#3539))
REPRESENTATION_CONTEXT('','3D')
);
#3536=(
LENGTH_UNIT()
NAMED_UNIT(*)
SI_UNIT(.MILLI.,.METRE.)
);
#3537=(
LENGTH_UNIT()
NAMED_UNIT(*)
SI_UNIT($,.METRE.)
);
#3538=(
NAMED_UNIT(*)
PLANE_ANGLE_UNIT()
SI_UNIT($,.RADIAN.)
);
#3539=(
NAMED_UNIT(*)
SI_UNIT($,.STERADIAN.)
SOLID_ANGLE_UNIT()
);
#3540=SHAPE_DEFINITION_REPRESENTATION(#3541,#3542);
#3541=PRODUCT_DEFINITION_SHAPE('',$,#3544);
#3542=SHAPE_REPRESENTATION('',(#2162),#3534);
#3543=PRODUCT_DEFINITION_CONTEXT('part definition',#3548,'design');
#3544=PRODUCT_DEFINITION('Case','Case',#3545,#3543);
#3545=PRODUCT_DEFINITION_FORMATION('',$,#3550);
#3546=PRODUCT_RELATED_PRODUCT_CATEGORY('Case','Case',(#3550));
#3547=APPLICATION_PROTOCOL_DEFINITION('international standard',
'automotive_design',2009,#3548);
#3548=APPLICATION_CONTEXT(
'Core Data for Automotive Mechanical Design Process');
#3549=PRODUCT_CONTEXT('part definition',#3548,'mechanical');
#3550=PRODUCT('Case','Case',$,(#3549));
#3551=PRESENTATION_STYLE_ASSIGNMENT((#3574));
#3552=PRESENTATION_STYLE_ASSIGNMENT((#3575));
#3553=PRESENTATION_STYLE_ASSIGNMENT((#3576));
#3554=PRESENTATION_STYLE_ASSIGNMENT((#3577));
#3555=PRESENTATION_STYLE_ASSIGNMENT((#3578));
#3556=PRESENTATION_STYLE_ASSIGNMENT((#3579));
#3557=PRESENTATION_STYLE_ASSIGNMENT((#3580));
#3558=PRESENTATION_STYLE_ASSIGNMENT((#3581));
#3559=PRESENTATION_STYLE_ASSIGNMENT((#3582));
#3560=PRESENTATION_STYLE_ASSIGNMENT((#3583));
#3561=PRESENTATION_STYLE_ASSIGNMENT((#3584));
#3562=PRESENTATION_STYLE_ASSIGNMENT((#3585));
#3563=PRESENTATION_STYLE_ASSIGNMENT((#3586));
#3564=PRESENTATION_STYLE_ASSIGNMENT((#3587));
#3565=PRESENTATION_STYLE_ASSIGNMENT((#3588));
#3566=PRESENTATION_STYLE_ASSIGNMENT((#3589));
#3567=PRESENTATION_STYLE_ASSIGNMENT((#3590));
#3568=PRESENTATION_STYLE_ASSIGNMENT((#3591));
#3569=PRESENTATION_STYLE_ASSIGNMENT((#3592));
#3570=PRESENTATION_STYLE_ASSIGNMENT((#3593));
#3571=PRESENTATION_STYLE_ASSIGNMENT((#3594));
#3572=PRESENTATION_STYLE_ASSIGNMENT((#3595));
#3573=PRESENTATION_STYLE_ASSIGNMENT((#3596));
#3574=SURFACE_STYLE_USAGE(.BOTH.,#3597);
#3575=SURFACE_STYLE_USAGE(.BOTH.,#3598);
#3576=SURFACE_STYLE_USAGE(.BOTH.,#3599);
#3577=SURFACE_STYLE_USAGE(.BOTH.,#3600);
#3578=SURFACE_STYLE_USAGE(.BOTH.,#3601);
#3579=SURFACE_STYLE_USAGE(.BOTH.,#3602);
#3580=SURFACE_STYLE_USAGE(.BOTH.,#3603);
#3581=SURFACE_STYLE_USAGE(.BOTH.,#3604);
#3582=SURFACE_STYLE_USAGE(.BOTH.,#3605);
#3583=SURFACE_STYLE_USAGE(.BOTH.,#3606);
#3584=SURFACE_STYLE_USAGE(.BOTH.,#3607);
#3585=SURFACE_STYLE_USAGE(.BOTH.,#3608);
#3586=SURFACE_STYLE_USAGE(.BOTH.,#3609);
#3587=SURFACE_STYLE_USAGE(.BOTH.,#3610);
#3588=SURFACE_STYLE_USAGE(.BOTH.,#3611);
#3589=SURFACE_STYLE_USAGE(.BOTH.,#3612);
#3590=SURFACE_STYLE_USAGE(.BOTH.,#3613);
#3591=SURFACE_STYLE_USAGE(.BOTH.,#3614);
#3592=SURFACE_STYLE_USAGE(.BOTH.,#3615);
#3593=SURFACE_STYLE_USAGE(.BOTH.,#3616);
#3594=SURFACE_STYLE_USAGE(.BOTH.,#3617);
#3595=SURFACE_STYLE_USAGE(.BOTH.,#3618);
#3596=SURFACE_STYLE_USAGE(.BOTH.,#3619);
#3597=SURFACE_SIDE_STYLE('',(#3620));
#3598=SURFACE_SIDE_STYLE('',(#3621));
#3599=SURFACE_SIDE_STYLE('',(#3622));
#3600=SURFACE_SIDE_STYLE('',(#3623));
#3601=SURFACE_SIDE_STYLE('',(#3624));
#3602=SURFACE_SIDE_STYLE('',(#3625));
#3603=SURFACE_SIDE_STYLE('',(#3626));
#3604=SURFACE_SIDE_STYLE('',(#3627));
#3605=SURFACE_SIDE_STYLE('',(#3628));
#3606=SURFACE_SIDE_STYLE('',(#3629));
#3607=SURFACE_SIDE_STYLE('',(#3630));
#3608=SURFACE_SIDE_STYLE('',(#3631));
#3609=SURFACE_SIDE_STYLE('',(#3632));
#3610=SURFACE_SIDE_STYLE('',(#3633));
#3611=SURFACE_SIDE_STYLE('',(#3634));
#3612=SURFACE_SIDE_STYLE('',(#3635));
#3613=SURFACE_SIDE_STYLE('',(#3636));
#3614=SURFACE_SIDE_STYLE('',(#3637));
#3615=SURFACE_SIDE_STYLE('',(#3638));
#3616=SURFACE_SIDE_STYLE('',(#3639));
#3617=SURFACE_SIDE_STYLE('',(#3640));
#3618=SURFACE_SIDE_STYLE('',(#3641));
#3619=SURFACE_SIDE_STYLE('',(#3642));
#3620=SURFACE_STYLE_FILL_AREA(#3643);
#3621=SURFACE_STYLE_FILL_AREA(#3644);
#3622=SURFACE_STYLE_FILL_AREA(#3645);
#3623=SURFACE_STYLE_FILL_AREA(#3646);
#3624=SURFACE_STYLE_FILL_AREA(#3647);
#3625=SURFACE_STYLE_FILL_AREA(#3648);
#3626=SURFACE_STYLE_FILL_AREA(#3649);
#3627=SURFACE_STYLE_FILL_AREA(#3650);
#3628=SURFACE_STYLE_FILL_AREA(#3651);
#3629=SURFACE_STYLE_FILL_AREA(#3652);
#3630=SURFACE_STYLE_FILL_AREA(#3653);
#3631=SURFACE_STYLE_FILL_AREA(#3654);
#3632=SURFACE_STYLE_FILL_AREA(#3655);
#3633=SURFACE_STYLE_FILL_AREA(#3656);
#3634=SURFACE_STYLE_FILL_AREA(#3657);
#3635=SURFACE_STYLE_FILL_AREA(#3658);
#3636=SURFACE_STYLE_FILL_AREA(#3659);
#3637=SURFACE_STYLE_FILL_AREA(#3660);
#3638=SURFACE_STYLE_FILL_AREA(#3661);
#3639=SURFACE_STYLE_FILL_AREA(#3662);
#3640=SURFACE_STYLE_FILL_AREA(#3663);
#3641=SURFACE_STYLE_FILL_AREA(#3664);
#3642=SURFACE_STYLE_FILL_AREA(#3665);
#3643=FILL_AREA_STYLE('Steel - Satin',(#3666));
#3644=FILL_AREA_STYLE('Opaque(255,255,255)',(#3667));
#3645=FILL_AREA_STYLE('Opaque(0,64,191)',(#3668));
#3646=FILL_AREA_STYLE('Opaque(51,51,51)',(#3669));
#3647=FILL_AREA_STYLE('Opaque(63,63,63)',(#3670));
#3648=FILL_AREA_STYLE('Opaque(129,136,140)',(#3671));
#3649=FILL_AREA_STYLE('Opaque(178,178,178)',(#3672));
#3650=FILL_AREA_STYLE('Opaque(189,189,189)',(#3673));
#3651=FILL_AREA_STYLE('Opaque(138,152,191)',(#3674));
#3652=FILL_AREA_STYLE('Opaque(204,170,82)',(#3675));
#3653=FILL_AREA_STYLE('Opaque(150,112,0)',(#3676));
#3654=FILL_AREA_STYLE('Opaque(255,191,0)',(#3677));
#3655=FILL_AREA_STYLE('Opaque(0,155,0)',(#3678));
#3656=FILL_AREA_STYLE('Opaque(161,148,27)',(#3679));
#3657=FILL_AREA_STYLE('Opaque(160,228,105)',(#3680));
#3658=FILL_AREA_STYLE('Opaque(0,154,0)',(#3681));
#3659=FILL_AREA_STYLE('Opaque(230,230,230)',(#3682));
#3660=FILL_AREA_STYLE('Opaque(28,28,28)',(#3683));
#3661=FILL_AREA_STYLE('Opaque(183,176,140)',(#3684));
#3662=FILL_AREA_STYLE('Opaque(182,176,140)',(#3685));
#3663=FILL_AREA_STYLE('Opaque(158,104,51)',(#3686));
#3664=FILL_AREA_STYLE('Opaque(127,127,127)',(#3687));
#3665=FILL_AREA_STYLE('Opaque(198,193,188)',(#3688));
#3666=FILL_AREA_STYLE_COLOUR('Steel - Satin',#3689);
#3667=FILL_AREA_STYLE_COLOUR('Opaque(255,255,255)',#3690);
#3668=FILL_AREA_STYLE_COLOUR('Opaque(0,64,191)',#3691);
#3669=FILL_AREA_STYLE_COLOUR('Opaque(51,51,51)',#3692);
#3670=FILL_AREA_STYLE_COLOUR('Opaque(63,63,63)',#3693);
#3671=FILL_AREA_STYLE_COLOUR('Opaque(129,136,140)',#3694);
#3672=FILL_AREA_STYLE_COLOUR('Opaque(178,178,178)',#3695);
#3673=FILL_AREA_STYLE_COLOUR('Opaque(189,189,189)',#3696);
#3674=FILL_AREA_STYLE_COLOUR('Opaque(138,152,191)',#3697);
#3675=FILL_AREA_STYLE_COLOUR('Opaque(204,170,82)',#3698);
#3676=FILL_AREA_STYLE_COLOUR('Opaque(150,112,0)',#3699);
#3677=FILL_AREA_STYLE_COLOUR('Opaque(255,191,0)',#3700);
#3678=FILL_AREA_STYLE_COLOUR('Opaque(0,155,0)',#3701);
#3679=FILL_AREA_STYLE_COLOUR('Opaque(161,148,27)',#3702);
#3680=FILL_AREA_STYLE_COLOUR('Opaque(160,228,105)',#3703);
#3681=FILL_AREA_STYLE_COLOUR('Opaque(0,154,0)',#3704);
#3682=FILL_AREA_STYLE_COLOUR('Opaque(230,230,230)',#3705);
#3683=FILL_AREA_STYLE_COLOUR('Opaque(28,28,28)',#3706);
#3684=FILL_AREA_STYLE_COLOUR('Opaque(183,176,140)',#3707);
#3685=FILL_AREA_STYLE_COLOUR('Opaque(182,176,140)',#3708);
#3686=FILL_AREA_STYLE_COLOUR('Opaque(158,104,51)',#3709);
#3687=FILL_AREA_STYLE_COLOUR('Opaque(127,127,127)',#3710);
#3688=FILL_AREA_STYLE_COLOUR('Opaque(198,193,188)',#3711);
#3689=COLOUR_RGB('Steel - Satin',0.627450980392157,0.627450980392157,0.627450980392157);
#3690=COLOUR_RGB('Opaque(255,255,255)',1.,1.,1.);
#3691=COLOUR_RGB('Opaque(0,64,191)',0.,0.250980392156863,0.749019607843137);
#3692=COLOUR_RGB('Opaque(51,51,51)',0.2,0.2,0.2);
#3693=COLOUR_RGB('Opaque(63,63,63)',0.250980392156863,0.250980392156863,
0.250980392156863);
#3694=COLOUR_RGB('Opaque(129,136,140)',0.505882352941176,0.533333333333333,
0.549019607843137);
#3695=COLOUR_RGB('Opaque(178,178,178)',0.698039215686274,0.698039215686274,
0.698039215686274);
#3696=COLOUR_RGB('Opaque(189,189,189)',0.741176470588235,0.741176470588235,
0.741176470588235);
#3697=COLOUR_RGB('Opaque(138,152,191)',0.541176470588235,0.596078431372549,
0.749019607843137);
#3698=COLOUR_RGB('Opaque(204,170,82)',0.8,0.666666666666667,0.32156862745098);
#3699=COLOUR_RGB('Opaque(150,112,0)',0.588235294117647,0.43921568627451,
0.);
#3700=COLOUR_RGB('Opaque(255,191,0)',1.,0.749019607843137,0.);
#3701=COLOUR_RGB('Opaque(0,155,0)',0.,0.607843137254902,0.);
#3702=COLOUR_RGB('Opaque(161,148,27)',0.631372549019608,0.580392156862745,
0.105882352941176);
#3703=COLOUR_RGB('Opaque(160,228,105)',0.627450980392157,0.894117647058824,
0.411764705882353);
#3704=COLOUR_RGB('Opaque(0,154,0)',0.,0.603921568627451,0.);
#3705=COLOUR_RGB('Opaque(230,230,230)',0.901960784313726,0.901960784313726,
0.901960784313726);
#3706=COLOUR_RGB('Opaque(28,28,28)',0.109803921568627,0.109803921568627,
0.109803921568627);
#3707=COLOUR_RGB('Opaque(183,176,140)',0.717647058823529,0.690196078431373,
0.549019607843137);
#3708=COLOUR_RGB('Opaque(182,176,140)',0.713725490196078,0.690196078431373,
0.549019607843137);
#3709=COLOUR_RGB('Opaque(158,104,51)',0.619607843137255,0.407843137254902,
0.2);
#3710=COLOUR_RGB('Opaque(127,127,127)',0.498039215686275,0.498039215686275,
0.498039215686275);
#3711=COLOUR_RGB('Opaque(198,193,188)',0.776470588235294,0.756862745098039,
0.737254901960784);
ENDSEC;
END-ISO-10303-21;
